figure_panel,frequency_band,area,time_ms,condition,mean_cp,sem_cp,source_monkeys,source_role
Fig3A,high_gamma,MT,-200.0,post,0.5000912688933002,0.0040131406528136,Monkey_Y;Monkey_C,area_timecourse_panel
Fig3A,high_gamma,MT,-200.0,pre,0.5028401874226573,0.0054327510072939,Monkey_Y;Monkey_C,area_timecourse_panel
Fig3A,high_gamma,MT,-180.0,post,0.4990854702194371,0.0040946845652894,Monkey_Y;Monkey_C,area_timecourse_panel
Fig3A,high_gamma,MT,-180.0,pre,0.5037874075646418,0.0034192330791778,Monkey_Y;Monkey_C,area_timecourse_panel
Fig3A,high_gamma,MT,-160.0,post,0.499180233505127,0.003899287263001,Monkey_Y;Monkey_C,area_timecourse_panel
Fig3A,high_gamma,MT,-160.0,pre,0.5024527767526072,0.0027056493704638,Monkey_Y;Monkey_C,area_timecourse_panel
Fig3A,high_gamma,MT,-140.0,post,0.4980837933900206,0.0031919373862762,Monkey_Y;Monkey_C,area_timecourse_panel
Fig3A,high_gamma,MT,-140.0,pre,0.5013495468941918,0.0022492325987561,Monkey_Y;Monkey_C,area_timecourse_panel
Fig3A,high_gamma,MT,-120.0,post,0.4984230551314691,0.0029585804890712,Monkey_Y;Monkey_C,area_timecourse_panel
Fig3A,high_gamma,MT,-120.0,pre,0.5010846559754604,0.0017692608293122,Monkey_Y;Monkey_C,area_timecourse_panel
Fig3A,high_gamma,MT,-100.0,post,0.4991913250391688,0.0038858141404312,Monkey_Y;Monkey_C,area_timecourse_panel
Fig3A,high_gamma,MT,-100.0,pre,0.501242890043798,0.0023505690560724,Monkey_Y;Monkey_C,area_timecourse_panel
Fig3A,high_gamma,MT,-80.0,post,0.5031729215945044,0.0027780081529286,Monkey_Y;Monkey_C,area_timecourse_panel
Fig3A,high_gamma,MT,-80.0,pre,0.5019540226043271,0.0023246460271664,Monkey_Y;Monkey_C,area_timecourse_panel
Fig3A,high_gamma,MT,-60.0,post,0.5055946562987773,0.0020647187656198,Monkey_Y;Monkey_C,area_timecourse_panel
Fig3A,high_gamma,MT,-60.0,pre,0.5030052763576309,0.0020984677575731,Monkey_Y;Monkey_C,area_timecourse_panel
Fig3A,high_gamma,MT,-40.0,post,0.5071432822439774,0.0039410540316727,Monkey_Y;Monkey_C,area_timecourse_panel
Fig3A,high_gamma,MT,-40.0,pre,0.5034173934390823,0.0015231070319112,Monkey_Y;Monkey_C,area_timecourse_panel
Fig3A,high_gamma,MT,-20.0,post,0.5074976005831789,0.0047388855421623,Monkey_Y;Monkey_C,area_timecourse_panel
Fig3A,high_gamma,MT,-20.0,pre,0.5039041014717369,0.0022638877306956,Monkey_Y;Monkey_C,area_timecourse_panel
Fig3A,high_gamma,MT,0.0,post,0.5064467452046014,0.0045873050463314,Monkey_Y;Monkey_C,area_timecourse_panel
Fig3A,high_gamma,MT,0.0,pre,0.5046045900432667,0.0029829734705154,Monkey_Y;Monkey_C,area_timecourse_panel
Fig3A,high_gamma,MT,20.0,post,0.5046250136339056,0.0049700910782195,Monkey_Y;Monkey_C,area_timecourse_panel
Fig3A,high_gamma,MT,20.0,pre,0.5062302846435512,0.0038342518743942,Monkey_Y;Monkey_C,area_timecourse_panel
Fig3A,high_gamma,MT,40.0,post,0.5020668205936429,0.005299071190914,Monkey_Y;Monkey_C,area_timecourse_panel
Fig3A,high_gamma,MT,40.0,pre,0.507144821067568,0.0039419556770605,Monkey_Y;Monkey_C,area_timecourse_panel
Fig3A,high_gamma,MT,60.0,post,0.50015921927414,0.005595077267928,Monkey_Y;Monkey_C,area_timecourse_panel
Fig3A,high_gamma,MT,60.0,pre,0.5063520885584517,0.0041147853740985,Monkey_Y;Monkey_C,area_timecourse_panel
Fig3A,high_gamma,MT,80.0,post,0.4986623042982765,0.0057352927612747,Monkey_Y;Monkey_C,area_timecourse_panel
Fig3A,high_gamma,MT,80.0,pre,0.5092918610485195,0.0044894896227034,Monkey_Y;Monkey_C,area_timecourse_panel
Fig3A,high_gamma,MT,100.0,post,0.4994058264598278,0.0045538687963307,Monkey_Y;Monkey_C,area_timecourse_panel
Fig3A,high_gamma,MT,100.0,pre,0.511909437657281,0.0038952889506436,Monkey_Y;Monkey_C,area_timecourse_panel
Fig3A,high_gamma,MT,120.0,post,0.5008339255005353,0.0037737292889179,Monkey_Y;Monkey_C,area_timecourse_panel
Fig3A,high_gamma,MT,120.0,pre,0.512582998161413,0.003302732388286,Monkey_Y;Monkey_C,area_timecourse_panel
Fig3A,high_gamma,MT,140.0,post,0.5011864016550427,0.0046676249580125,Monkey_Y;Monkey_C,area_timecourse_panel
Fig3A,high_gamma,MT,140.0,pre,0.511824351856846,0.0030080283084563,Monkey_Y;Monkey_C,area_timecourse_panel
Fig3A,high_gamma,MT,160.0,post,0.501226821835727,0.0054598538592768,Monkey_Y;Monkey_C,area_timecourse_panel
Fig3A,high_gamma,MT,160.0,pre,0.5118186189194714,0.0034755024966101,Monkey_Y;Monkey_C,area_timecourse_panel
Fig3A,high_gamma,MT,180.0,post,0.5003712875385071,0.0047138173402852,Monkey_Y;Monkey_C,area_timecourse_panel
Fig3A,high_gamma,MT,180.0,pre,0.511527036973673,0.0042042540183381,Monkey_Y;Monkey_C,area_timecourse_panel
Fig3A,high_gamma,MT,200.0,post,0.4993783775517144,0.0033902124647532,Monkey_Y;Monkey_C,area_timecourse_panel
Fig3A,high_gamma,MT,200.0,pre,0.509777535445652,0.0051072991584338,Monkey_Y;Monkey_C,area_timecourse_panel
Fig3A,high_gamma,MT,220.0,post,0.4989681686781436,0.0021070198542244,Monkey_Y;Monkey_C,area_timecourse_panel
Fig3A,high_gamma,MT,220.0,pre,0.5064701201413463,0.0045995785184643,Monkey_Y;Monkey_C,area_timecourse_panel
Fig3A,high_gamma,MT,240.0,post,0.4979791765947583,0.0014896252210611,Monkey_Y;Monkey_C,area_timecourse_panel
Fig3A,high_gamma,MT,240.0,pre,0.5058993061617111,0.0038487202306058,Monkey_Y;Monkey_C,area_timecourse_panel
Fig3A,high_gamma,MT,260.0,post,0.4989534646299689,0.0020028743069727,Monkey_Y;Monkey_C,area_timecourse_panel
Fig3A,high_gamma,MT,260.0,pre,0.5080914812673759,0.0052849601785149,Monkey_Y;Monkey_C,area_timecourse_panel
Fig3A,high_gamma,MT,280.0,post,0.4997020962972808,0.002891594345855,Monkey_Y;Monkey_C,area_timecourse_panel
Fig3A,high_gamma,MT,280.0,pre,0.5074354763750977,0.0054736006909223,Monkey_Y;Monkey_C,area_timecourse_panel
Fig3A,high_gamma,MT,300.0,post,0.4990614050842419,0.0029970093223327,Monkey_Y;Monkey_C,area_timecourse_panel
Fig3A,high_gamma,MT,300.0,pre,0.5044554252993244,0.0046909506691884,Monkey_Y;Monkey_C,area_timecourse_panel
Fig3A,high_gamma,MT,320.0,post,0.4987532017107766,0.0034614477567833,Monkey_Y;Monkey_C,area_timecourse_panel
Fig3A,high_gamma,MT,320.0,pre,0.4989380018685415,0.00585029789579,Monkey_Y;Monkey_C,area_timecourse_panel
Fig3A,high_gamma,MT,340.0,post,0.499274916669785,0.0047361912162051,Monkey_Y;Monkey_C,area_timecourse_panel
Fig3A,high_gamma,MT,340.0,pre,0.4943871732156026,0.0058852429885649,Monkey_Y;Monkey_C,area_timecourse_panel
Fig3A,high_gamma,MT,360.0,post,0.499394511498595,0.0044205160676758,Monkey_Y;Monkey_C,area_timecourse_panel
Fig3A,high_gamma,MT,360.0,pre,0.4854861419148871,0.0067742381497457,Monkey_Y;Monkey_C,area_timecourse_panel
Fig3A,high_gamma,MT,380.0,post,0.4987159357285041,0.004090767237072,Monkey_Y;Monkey_C,area_timecourse_panel
Fig3A,high_gamma,MT,380.0,pre,0.4769857187762907,0.0096260204380924,Monkey_Y;Monkey_C,area_timecourse_panel
Fig3A,high_gamma,MT,400.0,post,0.5006830633855921,0.0041304806746228,Monkey_Y;Monkey_C,area_timecourse_panel
Fig3A,high_gamma,MT,400.0,pre,0.474052755358294,0.0120280700924731,Monkey_Y;Monkey_C,area_timecourse_panel
Fig3A,high_gamma,V4,-200.0,post,0.4875520861298101,0.005607649952399,Monkey_L;Monkey_A,area_timecourse_panel
Fig3A,high_gamma,V4,-200.0,pre,0.4930099506345826,0.0058192802620322,Monkey_L;Monkey_A,area_timecourse_panel
Fig3A,high_gamma,V4,-180.0,post,0.4829302913162893,0.0091531607321525,Monkey_L;Monkey_A,area_timecourse_panel
Fig3A,high_gamma,V4,-180.0,pre,0.4871554684726623,0.0084176024179799,Monkey_L;Monkey_A,area_timecourse_panel
Fig3A,high_gamma,V4,-160.0,post,0.4796646721335502,0.0092704629911396,Monkey_L;Monkey_A,area_timecourse_panel
Fig3A,high_gamma,V4,-160.0,pre,0.4848563282475556,0.0118866527848174,Monkey_L;Monkey_A,area_timecourse_panel
Fig3A,high_gamma,V4,-140.0,post,0.4752629767697067,0.0052010958879891,Monkey_L;Monkey_A,area_timecourse_panel
Fig3A,high_gamma,V4,-140.0,pre,0.4867919936821545,0.0126213896224528,Monkey_L;Monkey_A,area_timecourse_panel
Fig3A,high_gamma,V4,-120.0,post,0.4754830889103315,0.0076750386273367,Monkey_L;Monkey_A,area_timecourse_panel
Fig3A,high_gamma,V4,-120.0,pre,0.4872317705564749,0.0132400430963158,Monkey_L;Monkey_A,area_timecourse_panel
Fig3A,high_gamma,V4,-100.0,post,0.4877632715492553,0.0126642022928373,Monkey_L;Monkey_A,area_timecourse_panel
Fig3A,high_gamma,V4,-100.0,pre,0.4864665468026984,0.0115291395976836,Monkey_L;Monkey_A,area_timecourse_panel
Fig3A,high_gamma,V4,-80.0,post,0.4940290931077752,0.0164947677597754,Monkey_L;Monkey_A,area_timecourse_panel
Fig3A,high_gamma,V4,-80.0,pre,0.4877982126759949,0.0064511288655278,Monkey_L;Monkey_A,area_timecourse_panel
Fig3A,high_gamma,V4,-60.0,post,0.5015872276606627,0.0182813527443403,Monkey_L;Monkey_A,area_timecourse_panel
Fig3A,high_gamma,V4,-60.0,pre,0.4829581296738273,0.0107584428062602,Monkey_L;Monkey_A,area_timecourse_panel
Fig3A,high_gamma,V4,-40.0,post,0.5060266429228053,0.019141202965837,Monkey_L;Monkey_A,area_timecourse_panel
Fig3A,high_gamma,V4,-40.0,pre,0.4833572768299241,0.0174263761593879,Monkey_L;Monkey_A,area_timecourse_panel
Fig3A,high_gamma,V4,-20.0,post,0.5090192946239271,0.0159571612936215,Monkey_L;Monkey_A,area_timecourse_panel
Fig3A,high_gamma,V4,-20.0,pre,0.4936300886152946,0.0148631613060335,Monkey_L;Monkey_A,area_timecourse_panel
Fig3A,high_gamma,V4,0.0,post,0.512116586589882,0.0141750031140628,Monkey_L;Monkey_A,area_timecourse_panel
Fig3A,high_gamma,V4,0.0,pre,0.5139033970634219,0.0142845797021864,Monkey_L;Monkey_A,area_timecourse_panel
Fig3A,high_gamma,V4,20.0,post,0.5100754789523135,0.014437374835353,Monkey_L;Monkey_A,area_timecourse_panel
Fig3A,high_gamma,V4,20.0,pre,0.5310534727345985,0.0216779308934428,Monkey_L;Monkey_A,area_timecourse_panel
Fig3A,high_gamma,V4,40.0,post,0.5026205700137283,0.0095804667289687,Monkey_L;Monkey_A,area_timecourse_panel
Fig3A,high_gamma,V4,40.0,pre,0.5446742766380375,0.0140852004731054,Monkey_L;Monkey_A,area_timecourse_panel
Fig3A,high_gamma,V4,60.0,post,0.493411794517012,0.005911575479154,Monkey_L;Monkey_A,area_timecourse_panel
Fig3A,high_gamma,V4,60.0,pre,0.5463766081795576,0.0075093603771477,Monkey_L;Monkey_A,area_timecourse_panel
Fig3A,high_gamma,V4,80.0,post,0.4901560047110299,0.0058938421012601,Monkey_L;Monkey_A,area_timecourse_panel
Fig3A,high_gamma,V4,80.0,pre,0.5437245282616006,0.0111727250927333,Monkey_L;Monkey_A,area_timecourse_panel
Fig3A,high_gamma,V4,100.0,post,0.4957514561045436,0.0079961191148146,Monkey_L;Monkey_A,area_timecourse_panel
Fig3A,high_gamma,V4,100.0,pre,0.5418400512690252,0.0154385659734636,Monkey_L;Monkey_A,area_timecourse_panel
Fig3A,high_gamma,V4,120.0,post,0.4997230243410194,0.0096604506126016,Monkey_L;Monkey_A,area_timecourse_panel
Fig3A,high_gamma,V4,120.0,pre,0.5409320351426951,0.0128103602200057,Monkey_L;Monkey_A,area_timecourse_panel
Fig3A,high_gamma,V4,140.0,post,0.501277795527085,0.0113135294514254,Monkey_L;Monkey_A,area_timecourse_panel
Fig3A,high_gamma,V4,140.0,pre,0.534015544028964,0.0084922843717681,Monkey_L;Monkey_A,area_timecourse_panel
Fig3A,high_gamma,V4,160.0,post,0.5010646157469398,0.0088711933876551,Monkey_L;Monkey_A,area_timecourse_panel
Fig3A,high_gamma,V4,160.0,pre,0.5216614704845488,0.003489902051703,Monkey_L;Monkey_A,area_timecourse_panel
Fig3A,high_gamma,V4,180.0,post,0.5057354283356194,0.0054788136368721,Monkey_L;Monkey_A,area_timecourse_panel
Fig3A,high_gamma,V4,180.0,pre,0.5090372760706323,0.0044462222712576,Monkey_L;Monkey_A,area_timecourse_panel
Fig3A,high_gamma,V4,200.0,post,0.5144964856183093,0.0063755262002222,Monkey_L;Monkey_A,area_timecourse_panel
Fig3A,high_gamma,V4,200.0,pre,0.5079145641594214,0.0144126502583536,Monkey_L;Monkey_A,area_timecourse_panel
Fig3A,high_gamma,V4,220.0,post,0.5182298901951963,0.0066282759725583,Monkey_L;Monkey_A,area_timecourse_panel
Fig3A,high_gamma,V4,220.0,pre,0.5079935406966434,0.0169066566360711,Monkey_L;Monkey_A,area_timecourse_panel
Fig3A,high_gamma,V4,240.0,post,0.5127796206003348,0.0057366422376162,Monkey_L;Monkey_A,area_timecourse_panel
Fig3A,high_gamma,V4,240.0,pre,0.5129303549854795,0.0169849311956171,Monkey_L;Monkey_A,area_timecourse_panel
Fig3A,high_gamma,V4,260.0,post,0.5090812577440725,0.0078889526449954,Monkey_L;Monkey_A,area_timecourse_panel
Fig3A,high_gamma,V4,260.0,pre,0.5173534756207162,0.0174968145427717,Monkey_L;Monkey_A,area_timecourse_panel
Fig3A,high_gamma,V4,280.0,post,0.5035148748922655,0.0094168825341534,Monkey_L;Monkey_A,area_timecourse_panel
Fig3A,high_gamma,V4,280.0,pre,0.515707883213471,0.0170782518968763,Monkey_L;Monkey_A,area_timecourse_panel
Fig3A,high_gamma,V4,300.0,post,0.5002327099144536,0.0102034379979591,Monkey_L;Monkey_A,area_timecourse_panel
Fig3A,high_gamma,V4,300.0,pre,0.5187226407160368,0.0159861118685279,Monkey_L;Monkey_A,area_timecourse_panel
Fig3A,high_gamma,V4,320.0,post,0.5010107820570181,0.0097572672730802,Monkey_L;Monkey_A,area_timecourse_panel
Fig3A,high_gamma,V4,320.0,pre,0.5249928827213878,0.0137347834293292,Monkey_L;Monkey_A,area_timecourse_panel
Fig3A,high_gamma,V4,340.0,post,0.5033185533034614,0.0094182475338682,Monkey_L;Monkey_A,area_timecourse_panel
Fig3A,high_gamma,V4,340.0,pre,0.5227670614236736,0.0081015970882536,Monkey_L;Monkey_A,area_timecourse_panel
Fig3A,high_gamma,V4,360.0,post,0.4991917916784366,0.0102776338563706,Monkey_L;Monkey_A,area_timecourse_panel
Fig3A,high_gamma,V4,360.0,pre,0.5143284121155076,0.0071538852639965,Monkey_L;Monkey_A,area_timecourse_panel
Fig3A,high_gamma,V4,380.0,post,0.4951280459834927,0.0118514590941126,Monkey_L;Monkey_A,area_timecourse_panel
Fig3A,high_gamma,V4,380.0,pre,0.50466670289041,0.0101739708050142,Monkey_L;Monkey_A,area_timecourse_panel
Fig3A,high_gamma,V4,400.0,post,0.4968971534147138,0.0113060708372212,Monkey_L;Monkey_A,area_timecourse_panel
Fig3A,high_gamma,V4,400.0,pre,0.4979553721514784,0.0091239524463403,Monkey_L;Monkey_A,area_timecourse_panel
Fig3B,low_gamma,MT,-200.0,post,0.5044813451222916,0.0068608985119055,Monkey_Y;Monkey_C,area_timecourse_panel
Fig3B,low_gamma,MT,-200.0,pre,0.500221796823695,0.0050777555181692,Monkey_Y;Monkey_C,area_timecourse_panel
Fig3B,low_gamma,MT,-180.0,post,0.5032024408660916,0.0077656213131538,Monkey_Y;Monkey_C,area_timecourse_panel
Fig3B,low_gamma,MT,-180.0,pre,0.4971994999858687,0.0064422534092488,Monkey_Y;Monkey_C,area_timecourse_panel
Fig3B,low_gamma,MT,-160.0,post,0.507724657362656,0.0094596283206616,Monkey_Y;Monkey_C,area_timecourse_panel
Fig3B,low_gamma,MT,-160.0,pre,0.497542156906377,0.0084354907539274,Monkey_Y;Monkey_C,area_timecourse_panel
Fig3B,low_gamma,MT,-140.0,post,0.5128147944334533,0.0082950877500302,Monkey_Y;Monkey_C,area_timecourse_panel
Fig3B,low_gamma,MT,-140.0,pre,0.4971637617165781,0.0094185382763896,Monkey_Y;Monkey_C,area_timecourse_panel
Fig3B,low_gamma,MT,-120.0,post,0.5145993867528142,0.0052119187326561,Monkey_Y;Monkey_C,area_timecourse_panel
Fig3B,low_gamma,MT,-120.0,pre,0.4978490295301485,0.0108993142730493,Monkey_Y;Monkey_C,area_timecourse_panel
Fig3B,low_gamma,MT,-100.0,post,0.5115387275462338,0.0054624995640685,Monkey_Y;Monkey_C,area_timecourse_panel
Fig3B,low_gamma,MT,-100.0,pre,0.4975282771981823,0.0132275054337045,Monkey_Y;Monkey_C,area_timecourse_panel
Fig3B,low_gamma,MT,-80.0,post,0.511091808009781,0.007300127679642,Monkey_Y;Monkey_C,area_timecourse_panel
Fig3B,low_gamma,MT,-80.0,pre,0.497984837833861,0.0133979863822095,Monkey_Y;Monkey_C,area_timecourse_panel
Fig3B,low_gamma,MT,-60.0,post,0.5108508504478064,0.0066891034496242,Monkey_Y;Monkey_C,area_timecourse_panel
Fig3B,low_gamma,MT,-60.0,pre,0.4999984268079505,0.0115666447190315,Monkey_Y;Monkey_C,area_timecourse_panel
Fig3B,low_gamma,MT,-40.0,post,0.5076813927846393,0.0041335501779332,Monkey_Y;Monkey_C,area_timecourse_panel
Fig3B,low_gamma,MT,-40.0,pre,0.5022227070004108,0.0090006309526575,Monkey_Y;Monkey_C,area_timecourse_panel
Fig3B,low_gamma,MT,-20.0,post,0.501477634247664,0.0030328661810514,Monkey_Y;Monkey_C,area_timecourse_panel
Fig3B,low_gamma,MT,-20.0,pre,0.5038505628331904,0.0070280180538698,Monkey_Y;Monkey_C,area_timecourse_panel
Fig3B,low_gamma,MT,0.0,post,0.5000094895561691,0.0023042262171213,Monkey_Y;Monkey_C,area_timecourse_panel
Fig3B,low_gamma,MT,0.0,pre,0.5037418568807723,0.0066022756164111,Monkey_Y;Monkey_C,area_timecourse_panel
Fig3B,low_gamma,MT,20.0,post,0.5013256855528068,0.0041136082980119,Monkey_Y;Monkey_C,area_timecourse_panel
Fig3B,low_gamma,MT,20.0,pre,0.5045883932386263,0.0065970720377089,Monkey_Y;Monkey_C,area_timecourse_panel
Fig3B,low_gamma,MT,40.0,post,0.5038629002461888,0.006051845433538,Monkey_Y;Monkey_C,area_timecourse_panel
Fig3B,low_gamma,MT,40.0,pre,0.5125440281423917,0.0078936639717098,Monkey_Y;Monkey_C,area_timecourse_panel
Fig3B,low_gamma,MT,60.0,post,0.5120875457038803,0.0094815100955684,Monkey_Y;Monkey_C,area_timecourse_panel
Fig3B,low_gamma,MT,60.0,pre,0.5216547686316193,0.008880029494383,Monkey_Y;Monkey_C,area_timecourse_panel
Fig3B,low_gamma,MT,80.0,post,0.5210246013982616,0.0134845472858461,Monkey_Y;Monkey_C,area_timecourse_panel
Fig3B,low_gamma,MT,80.0,pre,0.5234054441843391,0.0092794038085623,Monkey_Y;Monkey_C,area_timecourse_panel
Fig3B,low_gamma,MT,100.0,post,0.5239850634138679,0.0155426884861209,Monkey_Y;Monkey_C,area_timecourse_panel
Fig3B,low_gamma,MT,100.0,pre,0.5221224459651912,0.01020414277043,Monkey_Y;Monkey_C,area_timecourse_panel
Fig3B,low_gamma,MT,120.0,post,0.5241464521260005,0.0150233335039539,Monkey_Y;Monkey_C,area_timecourse_panel
Fig3B,low_gamma,MT,120.0,pre,0.5233655324472888,0.0098458691131287,Monkey_Y;Monkey_C,area_timecourse_panel
Fig3B,low_gamma,MT,140.0,post,0.5250285862739811,0.0142826224521633,Monkey_Y;Monkey_C,area_timecourse_panel
Fig3B,low_gamma,MT,140.0,pre,0.5243288750310832,0.0090540343737403,Monkey_Y;Monkey_C,area_timecourse_panel
Fig3B,low_gamma,MT,160.0,post,0.5259060646845812,0.0145871362264975,Monkey_Y;Monkey_C,area_timecourse_panel
Fig3B,low_gamma,MT,160.0,pre,0.5227706704795242,0.0087019823885546,Monkey_Y;Monkey_C,area_timecourse_panel
Fig3B,low_gamma,MT,180.0,post,0.5253572974105702,0.0155019688095435,Monkey_Y;Monkey_C,area_timecourse_panel
Fig3B,low_gamma,MT,180.0,pre,0.5198513076952666,0.009679570589976,Monkey_Y;Monkey_C,area_timecourse_panel
Fig3B,low_gamma,MT,200.0,post,0.5204098075391563,0.0124781976515528,Monkey_Y;Monkey_C,area_timecourse_panel
Fig3B,low_gamma,MT,200.0,pre,0.5179533805154094,0.0094375789011518,Monkey_Y;Monkey_C,area_timecourse_panel
Fig3B,low_gamma,MT,220.0,post,0.5153279687608701,0.0076818347968567,Monkey_Y;Monkey_C,area_timecourse_panel
Fig3B,low_gamma,MT,220.0,pre,0.5141937531040202,0.0085437028827864,Monkey_Y;Monkey_C,area_timecourse_panel
Fig3B,low_gamma,MT,240.0,post,0.5187483944991362,0.0087780510074984,Monkey_Y;Monkey_C,area_timecourse_panel
Fig3B,low_gamma,MT,240.0,pre,0.5097544040288021,0.0071554584546485,Monkey_Y;Monkey_C,area_timecourse_panel
Fig3B,low_gamma,MT,260.0,post,0.5180649344887479,0.0075702144193247,Monkey_Y;Monkey_C,area_timecourse_panel
Fig3B,low_gamma,MT,260.0,pre,0.508035157671859,0.0070905081186605,Monkey_Y;Monkey_C,area_timecourse_panel
Fig3B,low_gamma,MT,280.0,post,0.513935304996017,0.0043969449167463,Monkey_Y;Monkey_C,area_timecourse_panel
Fig3B,low_gamma,MT,280.0,pre,0.5074369435210565,0.0078871145550237,Monkey_Y;Monkey_C,area_timecourse_panel
Fig3B,low_gamma,MT,300.0,post,0.5102640281776059,0.0043089164183388,Monkey_Y;Monkey_C,area_timecourse_panel
Fig3B,low_gamma,MT,300.0,pre,0.5046286949571616,0.0066592440436904,Monkey_Y;Monkey_C,area_timecourse_panel
Fig3B,low_gamma,MT,320.0,post,0.5029113985819522,0.0063859152175908,Monkey_Y;Monkey_C,area_timecourse_panel
Fig3B,low_gamma,MT,320.0,pre,0.5030329742270785,0.0061703871557353,Monkey_Y;Monkey_C,area_timecourse_panel
Fig3B,low_gamma,MT,340.0,post,0.4968645358907466,0.0071355613875401,Monkey_Y;Monkey_C,area_timecourse_panel
Fig3B,low_gamma,MT,340.0,pre,0.4970474792417642,0.0047790050781984,Monkey_Y;Monkey_C,area_timecourse_panel
Fig3B,low_gamma,MT,360.0,post,0.4887067547657192,0.008303530834007,Monkey_Y;Monkey_C,area_timecourse_panel
Fig3B,low_gamma,MT,360.0,pre,0.4863073137315986,0.0044977875114861,Monkey_Y;Monkey_C,area_timecourse_panel
Fig3B,low_gamma,MT,380.0,post,0.4853465505543598,0.0101849339928722,Monkey_Y;Monkey_C,area_timecourse_panel
Fig3B,low_gamma,MT,380.0,pre,0.4787976681942023,0.0072560720562221,Monkey_Y;Monkey_C,area_timecourse_panel
Fig3B,low_gamma,MT,400.0,post,0.4843836480317263,0.0117723467637876,Monkey_Y;Monkey_C,area_timecourse_panel
Fig3B,low_gamma,MT,400.0,pre,0.4814884264295532,0.0082058113629326,Monkey_Y;Monkey_C,area_timecourse_panel
Fig3B,low_gamma,V4,-200.0,post,0.460223926014711,0.0154640292713309,Monkey_L;Monkey_A,area_timecourse_panel
Fig3B,low_gamma,V4,-200.0,pre,0.5024109813837012,0.0218674727399564,Monkey_L;Monkey_A,area_timecourse_panel
Fig3B,low_gamma,V4,-180.0,post,0.4646743980606201,0.0150936709449287,Monkey_L;Monkey_A,area_timecourse_panel
Fig3B,low_gamma,V4,-180.0,pre,0.4983140156189183,0.0192741066864566,Monkey_L;Monkey_A,area_timecourse_panel
Fig3B,low_gamma,V4,-160.0,post,0.4706274016763608,0.0093754101382278,Monkey_L;Monkey_A,area_timecourse_panel
Fig3B,low_gamma,V4,-160.0,pre,0.4966201840379604,0.0112489684208179,Monkey_L;Monkey_A,area_timecourse_panel
Fig3B,low_gamma,V4,-140.0,post,0.4741832709436192,0.0076433959788163,Monkey_L;Monkey_A,area_timecourse_panel
Fig3B,low_gamma,V4,-140.0,pre,0.4878544737978196,0.0115361892034494,Monkey_L;Monkey_A,area_timecourse_panel
Fig3B,low_gamma,V4,-120.0,post,0.489578678375609,0.0115215949564932,Monkey_L;Monkey_A,area_timecourse_panel
Fig3B,low_gamma,V4,-120.0,pre,0.4856174744374877,0.0119053165532612,Monkey_L;Monkey_A,area_timecourse_panel
Fig3B,low_gamma,V4,-100.0,post,0.5055769771743341,0.0132498584608017,Monkey_L;Monkey_A,area_timecourse_panel
Fig3B,low_gamma,V4,-100.0,pre,0.487337227534722,0.0149091306158956,Monkey_L;Monkey_A,area_timecourse_panel
Fig3B,low_gamma,V4,-80.0,post,0.5082085546032866,0.0122327964238532,Monkey_L;Monkey_A,area_timecourse_panel
Fig3B,low_gamma,V4,-80.0,pre,0.4817772578188152,0.0224316321145025,Monkey_L;Monkey_A,area_timecourse_panel
Fig3B,low_gamma,V4,-60.0,post,0.5044142994101285,0.0108552556208037,Monkey_L;Monkey_A,area_timecourse_panel
Fig3B,low_gamma,V4,-60.0,pre,0.4676728466145839,0.0277775417323148,Monkey_L;Monkey_A,area_timecourse_panel
Fig3B,low_gamma,V4,-40.0,post,0.5043470669063664,0.0107505407871901,Monkey_L;Monkey_A,area_timecourse_panel
Fig3B,low_gamma,V4,-40.0,pre,0.4601276636157883,0.0235785735533244,Monkey_L;Monkey_A,area_timecourse_panel
Fig3B,low_gamma,V4,-20.0,post,0.5074069338374819,0.0131599741801994,Monkey_L;Monkey_A,area_timecourse_panel
Fig3B,low_gamma,V4,-20.0,pre,0.4734888318085596,0.0183943579891939,Monkey_L;Monkey_A,area_timecourse_panel
Fig3B,low_gamma,V4,0.0,post,0.5186478212354807,0.0182303635123931,Monkey_L;Monkey_A,area_timecourse_panel
Fig3B,low_gamma,V4,0.0,pre,0.507193052252868,0.0163212188637303,Monkey_L;Monkey_A,area_timecourse_panel
Fig3B,low_gamma,V4,20.0,post,0.5202074846499599,0.0199445444647334,Monkey_L;Monkey_A,area_timecourse_panel
Fig3B,low_gamma,V4,20.0,pre,0.5248348625434169,0.0242731641076295,Monkey_L;Monkey_A,area_timecourse_panel
Fig3B,low_gamma,V4,40.0,post,0.5207116176156885,0.0182727171459214,Monkey_L;Monkey_A,area_timecourse_panel
Fig3B,low_gamma,V4,40.0,pre,0.5274398193218376,0.025279201747993,Monkey_L;Monkey_A,area_timecourse_panel
Fig3B,low_gamma,V4,60.0,post,0.5241189563571006,0.0165280960064574,Monkey_L;Monkey_A,area_timecourse_panel
Fig3B,low_gamma,V4,60.0,pre,0.5312661346814063,0.0223231235458388,Monkey_L;Monkey_A,area_timecourse_panel
Fig3B,low_gamma,V4,80.0,post,0.524303231725048,0.0143150746595821,Monkey_L;Monkey_A,area_timecourse_panel
Fig3B,low_gamma,V4,80.0,pre,0.5327868695800237,0.0209067020675059,Monkey_L;Monkey_A,area_timecourse_panel
Fig3B,low_gamma,V4,100.0,post,0.5253493229858748,0.0130112288234117,Monkey_L;Monkey_A,area_timecourse_panel
Fig3B,low_gamma,V4,100.0,pre,0.5364852222178429,0.0254202100591701,Monkey_L;Monkey_A,area_timecourse_panel
Fig3B,low_gamma,V4,120.0,post,0.5304383930014858,0.0111133081442984,Monkey_L;Monkey_A,area_timecourse_panel
Fig3B,low_gamma,V4,120.0,pre,0.5369994847238428,0.027955930246414,Monkey_L;Monkey_A,area_timecourse_panel
Fig3B,low_gamma,V4,140.0,post,0.5309195437273591,0.0093308057318374,Monkey_L;Monkey_A,area_timecourse_panel
Fig3B,low_gamma,V4,140.0,pre,0.539697991488099,0.0262426199330192,Monkey_L;Monkey_A,area_timecourse_panel
Fig3B,low_gamma,V4,160.0,post,0.521942555683532,0.008194074589181,Monkey_L;Monkey_A,area_timecourse_panel
Fig3B,low_gamma,V4,160.0,pre,0.5322636034476982,0.0229771916895821,Monkey_L;Monkey_A,area_timecourse_panel
Fig3B,low_gamma,V4,180.0,post,0.5064329685272112,0.0080800078122706,Monkey_L;Monkey_A,area_timecourse_panel
Fig3B,low_gamma,V4,180.0,pre,0.5286833937997173,0.027755511227978,Monkey_L;Monkey_A,area_timecourse_panel
Fig3B,low_gamma,V4,200.0,post,0.507829633974741,0.0104241936452368,Monkey_L;Monkey_A,area_timecourse_panel
Fig3B,low_gamma,V4,200.0,pre,0.5270537870856722,0.0284473169906185,Monkey_L;Monkey_A,area_timecourse_panel
Fig3B,low_gamma,V4,220.0,post,0.5106985310074501,0.0081166548047699,Monkey_L;Monkey_A,area_timecourse_panel
Fig3B,low_gamma,V4,220.0,pre,0.517658681683572,0.0211529300851978,Monkey_L;Monkey_A,area_timecourse_panel
Fig3B,low_gamma,V4,240.0,post,0.5076662899924537,0.0070774838549593,Monkey_L;Monkey_A,area_timecourse_panel
Fig3B,low_gamma,V4,240.0,pre,0.5098813992723477,0.0183211544796656,Monkey_L;Monkey_A,area_timecourse_panel
Fig3B,low_gamma,V4,260.0,post,0.5085122018898933,0.0073268837520265,Monkey_L;Monkey_A,area_timecourse_panel
Fig3B,low_gamma,V4,260.0,pre,0.5073802028012543,0.0177065436709566,Monkey_L;Monkey_A,area_timecourse_panel
Fig3B,low_gamma,V4,280.0,post,0.5048124623616521,0.0090026104007983,Monkey_L;Monkey_A,area_timecourse_panel
Fig3B,low_gamma,V4,280.0,pre,0.5020340095032155,0.0153721303296118,Monkey_L;Monkey_A,area_timecourse_panel
Fig3B,low_gamma,V4,300.0,post,0.4997091111972033,0.0132036693782665,Monkey_L;Monkey_A,area_timecourse_panel
Fig3B,low_gamma,V4,300.0,pre,0.4994114061172165,0.0100188649066864,Monkey_L;Monkey_A,area_timecourse_panel
Fig3B,low_gamma,V4,320.0,post,0.5033998089678863,0.0157160936773504,Monkey_L;Monkey_A,area_timecourse_panel
Fig3B,low_gamma,V4,320.0,pre,0.4979285153271666,0.0125214182070044,Monkey_L;Monkey_A,area_timecourse_panel
Fig3B,low_gamma,V4,340.0,post,0.496967498929609,0.0166651282416923,Monkey_L;Monkey_A,area_timecourse_panel
Fig3B,low_gamma,V4,340.0,pre,0.5001274211653685,0.0144791140077069,Monkey_L;Monkey_A,area_timecourse_panel
Fig3B,low_gamma,V4,360.0,post,0.4871751457747683,0.019330367224673,Monkey_L;Monkey_A,area_timecourse_panel
Fig3B,low_gamma,V4,360.0,pre,0.5048294624794539,0.0141922515298219,Monkey_L;Monkey_A,area_timecourse_panel
Fig3B,low_gamma,V4,380.0,post,0.4867099399988822,0.0235932218094716,Monkey_L;Monkey_A,area_timecourse_panel
Fig3B,low_gamma,V4,380.0,pre,0.4934504574846476,0.0126862807573048,Monkey_L;Monkey_A,area_timecourse_panel
Fig3B,low_gamma,V4,400.0,post,0.4891428797258443,0.0222531265403053,Monkey_L;Monkey_A,area_timecourse_panel
Fig3B,low_gamma,V4,400.0,pre,0.483166807199276,0.0132437318364077,Monkey_L;Monkey_A,area_timecourse_panel
Fig3C,alpha_beta,MT,-200.0,post,0.50820854732388,0.007450006450683,Monkey_Y;Monkey_C,area_timecourse_panel
Fig3C,alpha_beta,MT,-200.0,pre,0.4975800694511393,0.0103797699982852,Monkey_Y;Monkey_C,area_timecourse_panel
Fig3C,alpha_beta,MT,-180.0,post,0.5059622402547488,0.0083022551307701,Monkey_Y;Monkey_C,area_timecourse_panel
Fig3C,alpha_beta,MT,-180.0,pre,0.4968541692805941,0.0127773383959819,Monkey_Y;Monkey_C,area_timecourse_panel
Fig3C,alpha_beta,MT,-160.0,post,0.5031995821982801,0.0073929693546095,Monkey_Y;Monkey_C,area_timecourse_panel
Fig3C,alpha_beta,MT,-160.0,pre,0.499878281955515,0.0129499776301947,Monkey_Y;Monkey_C,area_timecourse_panel
Fig3C,alpha_beta,MT,-140.0,post,0.5005961931911127,0.0057008688152297,Monkey_Y;Monkey_C,area_timecourse_panel
Fig3C,alpha_beta,MT,-140.0,pre,0.4994240060463948,0.010135851288803,Monkey_Y;Monkey_C,area_timecourse_panel
Fig3C,alpha_beta,MT,-120.0,post,0.50246479133402,0.0049464152602233,Monkey_Y;Monkey_C,area_timecourse_panel
Fig3C,alpha_beta,MT,-120.0,pre,0.4944097532013502,0.0080964038406776,Monkey_Y;Monkey_C,area_timecourse_panel
Fig3C,alpha_beta,MT,-100.0,post,0.5072119249772661,0.0070983915237902,Monkey_Y;Monkey_C,area_timecourse_panel
Fig3C,alpha_beta,MT,-100.0,pre,0.4925288371394322,0.0089676633034723,Monkey_Y;Monkey_C,area_timecourse_panel
Fig3C,alpha_beta,MT,-80.0,post,0.5105465262534733,0.0098707194290325,Monkey_Y;Monkey_C,area_timecourse_panel
Fig3C,alpha_beta,MT,-80.0,pre,0.4965515039893802,0.0112180049287244,Monkey_Y;Monkey_C,area_timecourse_panel
Fig3C,alpha_beta,MT,-60.0,post,0.5085683515331462,0.0085084101870661,Monkey_Y;Monkey_C,area_timecourse_panel
Fig3C,alpha_beta,MT,-60.0,pre,0.5030677267357572,0.0140144464991629,Monkey_Y;Monkey_C,area_timecourse_panel
Fig3C,alpha_beta,MT,-40.0,post,0.5061880857912291,0.0058146946266332,Monkey_Y;Monkey_C,area_timecourse_panel
Fig3C,alpha_beta,MT,-40.0,pre,0.506365218472478,0.0164623699953462,Monkey_Y;Monkey_C,area_timecourse_panel
Fig3C,alpha_beta,MT,-20.0,post,0.5054298808880892,0.0040380487529594,Monkey_Y;Monkey_C,area_timecourse_panel
Fig3C,alpha_beta,MT,-20.0,pre,0.5067393678371396,0.0185976902853035,Monkey_Y;Monkey_C,area_timecourse_panel
Fig3C,alpha_beta,MT,0.0,post,0.5013789296440442,0.0028477677007475,Monkey_Y;Monkey_C,area_timecourse_panel
Fig3C,alpha_beta,MT,0.0,pre,0.5080078564716775,0.0188959808449512,Monkey_Y;Monkey_C,area_timecourse_panel
Fig3C,alpha_beta,MT,20.0,post,0.4942286190044048,0.0081314730244275,Monkey_Y;Monkey_C,area_timecourse_panel
Fig3C,alpha_beta,MT,20.0,pre,0.5093045147917789,0.0178874403977497,Monkey_Y;Monkey_C,area_timecourse_panel
Fig3C,alpha_beta,MT,40.0,post,0.4897383127158485,0.011578281081383,Monkey_Y;Monkey_C,area_timecourse_panel
Fig3C,alpha_beta,MT,40.0,pre,0.513015774614279,0.0177383779725085,Monkey_Y;Monkey_C,area_timecourse_panel
Fig3C,alpha_beta,MT,60.0,post,0.4901993884907038,0.0109701459551951,Monkey_Y;Monkey_C,area_timecourse_panel
Fig3C,alpha_beta,MT,60.0,pre,0.5177100405523053,0.0173148940136687,Monkey_Y;Monkey_C,area_timecourse_panel
Fig3C,alpha_beta,MT,80.0,post,0.4893231529902598,0.0099873908425593,Monkey_Y;Monkey_C,area_timecourse_panel
Fig3C,alpha_beta,MT,80.0,pre,0.5181026203155249,0.0155858587684445,Monkey_Y;Monkey_C,area_timecourse_panel
Fig3C,alpha_beta,MT,100.0,post,0.4902613142225543,0.0098760079284845,Monkey_Y;Monkey_C,area_timecourse_panel
Fig3C,alpha_beta,MT,100.0,pre,0.5144840858671097,0.0133124503632627,Monkey_Y;Monkey_C,area_timecourse_panel
Fig3C,alpha_beta,MT,120.0,post,0.4917471448129104,0.0091613886738473,Monkey_Y;Monkey_C,area_timecourse_panel
Fig3C,alpha_beta,MT,120.0,pre,0.5174927622094351,0.0151274601923751,Monkey_Y;Monkey_C,area_timecourse_panel
Fig3C,alpha_beta,MT,140.0,post,0.4908195804176771,0.0073580158944809,Monkey_Y;Monkey_C,area_timecourse_panel
Fig3C,alpha_beta,MT,140.0,pre,0.5200224932536104,0.0156639444488113,Monkey_Y;Monkey_C,area_timecourse_panel
Fig3C,alpha_beta,MT,160.0,post,0.4907417982336042,0.0055354656795602,Monkey_Y;Monkey_C,area_timecourse_panel
Fig3C,alpha_beta,MT,160.0,pre,0.5155365656518848,0.0125690693260209,Monkey_Y;Monkey_C,area_timecourse_panel
Fig3C,alpha_beta,MT,180.0,post,0.4926414100516821,0.0051726572919985,Monkey_Y;Monkey_C,area_timecourse_panel
Fig3C,alpha_beta,MT,180.0,pre,0.5070286583734546,0.0101724439423214,Monkey_Y;Monkey_C,area_timecourse_panel
Fig3C,alpha_beta,MT,200.0,post,0.4965499962585038,0.0057480237874949,Monkey_Y;Monkey_C,area_timecourse_panel
Fig3C,alpha_beta,MT,200.0,pre,0.5051990826154545,0.0100513861781776,Monkey_Y;Monkey_C,area_timecourse_panel
Fig3C,alpha_beta,MT,220.0,post,0.496318531050621,0.0083370141793056,Monkey_Y;Monkey_C,area_timecourse_panel
Fig3C,alpha_beta,MT,220.0,pre,0.5048068201871344,0.0112120845609623,Monkey_Y;Monkey_C,area_timecourse_panel
Fig3C,alpha_beta,MT,240.0,post,0.4945787003116147,0.0080820621249027,Monkey_Y;Monkey_C,area_timecourse_panel
Fig3C,alpha_beta,MT,240.0,pre,0.5012903346183234,0.0089636798393091,Monkey_Y;Monkey_C,area_timecourse_panel
Fig3C,alpha_beta,MT,260.0,post,0.4939657875885863,0.0094597828548094,Monkey_Y;Monkey_C,area_timecourse_panel
Fig3C,alpha_beta,MT,260.0,pre,0.4992621965874146,0.0072316794181406,Monkey_Y;Monkey_C,area_timecourse_panel
Fig3C,alpha_beta,MT,280.0,post,0.4935006516252737,0.0118858462779813,Monkey_Y;Monkey_C,area_timecourse_panel
Fig3C,alpha_beta,MT,280.0,pre,0.5033264887991244,0.0083126810675005,Monkey_Y;Monkey_C,area_timecourse_panel
Fig3C,alpha_beta,MT,300.0,post,0.4964546676324526,0.0126884902393707,Monkey_Y;Monkey_C,area_timecourse_panel
Fig3C,alpha_beta,MT,300.0,pre,0.5102426213729584,0.0109037799968369,Monkey_Y;Monkey_C,area_timecourse_panel
Fig3C,alpha_beta,MT,320.0,post,0.4947252049956747,0.0117810157151252,Monkey_Y;Monkey_C,area_timecourse_panel
Fig3C,alpha_beta,MT,320.0,pre,0.5145775428184364,0.0123862116052529,Monkey_Y;Monkey_C,area_timecourse_panel
Fig3C,alpha_beta,MT,340.0,post,0.495250115126423,0.010914617336944,Monkey_Y;Monkey_C,area_timecourse_panel
Fig3C,alpha_beta,MT,340.0,pre,0.5185941290032242,0.0135941913394538,Monkey_Y;Monkey_C,area_timecourse_panel
Fig3C,alpha_beta,MT,360.0,post,0.498239643127365,0.0065775393145333,Monkey_Y;Monkey_C,area_timecourse_panel
Fig3C,alpha_beta,MT,360.0,pre,0.5218243231610923,0.017458320492167,Monkey_Y;Monkey_C,area_timecourse_panel
Fig3C,alpha_beta,MT,380.0,post,0.4973409407505058,0.0045296454483592,Monkey_Y;Monkey_C,area_timecourse_panel
Fig3C,alpha_beta,MT,380.0,pre,0.5236560604868497,0.0230376633733754,Monkey_Y;Monkey_C,area_timecourse_panel
Fig3C,alpha_beta,MT,400.0,post,0.4936859552898001,0.0056920607967675,Monkey_Y;Monkey_C,area_timecourse_panel
Fig3C,alpha_beta,MT,400.0,pre,0.5254477971445485,0.0278974258105375,Monkey_Y;Monkey_C,area_timecourse_panel
Fig3C,alpha_beta,V4,-200.0,post,0.4613828705870524,0.0233394377813375,Monkey_L;Monkey_A,area_timecourse_panel
Fig3C,alpha_beta,V4,-200.0,pre,0.4804957608604877,0.0301243973765764,Monkey_L;Monkey_A,area_timecourse_panel
Fig3C,alpha_beta,V4,-180.0,post,0.4613920415696942,0.0215751129304675,Monkey_L;Monkey_A,area_timecourse_panel
Fig3C,alpha_beta,V4,-180.0,pre,0.4897179172453906,0.029070077940319,Monkey_L;Monkey_A,area_timecourse_panel
Fig3C,alpha_beta,V4,-160.0,post,0.4596035617207345,0.0188638527393058,Monkey_L;Monkey_A,area_timecourse_panel
Fig3C,alpha_beta,V4,-160.0,pre,0.494003725220341,0.022813728830507,Monkey_L;Monkey_A,area_timecourse_panel
Fig3C,alpha_beta,V4,-140.0,post,0.4581325812543639,0.018036647832623,Monkey_L;Monkey_A,area_timecourse_panel
Fig3C,alpha_beta,V4,-140.0,pre,0.4922174288353643,0.0155496161365097,Monkey_L;Monkey_A,area_timecourse_panel
Fig3C,alpha_beta,V4,-120.0,post,0.4602642961692534,0.0137099782986949,Monkey_L;Monkey_A,area_timecourse_panel
Fig3C,alpha_beta,V4,-120.0,pre,0.4877130807566753,0.0138864547825279,Monkey_L;Monkey_A,area_timecourse_panel
Fig3C,alpha_beta,V4,-100.0,post,0.4697665355352514,0.0129840200348565,Monkey_L;Monkey_A,area_timecourse_panel
Fig3C,alpha_beta,V4,-100.0,pre,0.4910359338098091,0.0145570549396426,Monkey_L;Monkey_A,area_timecourse_panel
Fig3C,alpha_beta,V4,-80.0,post,0.47722305495839,0.0152640073089821,Monkey_L;Monkey_A,area_timecourse_panel
Fig3C,alpha_beta,V4,-80.0,pre,0.4785947902579938,0.0095147556817752,Monkey_L;Monkey_A,area_timecourse_panel
Fig3C,alpha_beta,V4,-60.0,post,0.4761891712971903,0.0175519322064612,Monkey_L;Monkey_A,area_timecourse_panel
Fig3C,alpha_beta,V4,-60.0,pre,0.4631175420422429,0.0110136301339579,Monkey_L;Monkey_A,area_timecourse_panel
Fig3C,alpha_beta,V4,-40.0,post,0.4732365448027671,0.0177532424762141,Monkey_L;Monkey_A,area_timecourse_panel
Fig3C,alpha_beta,V4,-40.0,pre,0.4574229149115842,0.0197820670915724,Monkey_L;Monkey_A,area_timecourse_panel
Fig3C,alpha_beta,V4,-20.0,post,0.4839666197914083,0.0167756521719437,Monkey_L;Monkey_A,area_timecourse_panel
Fig3C,alpha_beta,V4,-20.0,pre,0.4529976574480977,0.0236680518615168,Monkey_L;Monkey_A,area_timecourse_panel
Fig3C,alpha_beta,V4,0.0,post,0.495821556897077,0.0153231475629574,Monkey_L;Monkey_A,area_timecourse_panel
Fig3C,alpha_beta,V4,0.0,pre,0.4573168074604882,0.0226081206559604,Monkey_L;Monkey_A,area_timecourse_panel
Fig3C,alpha_beta,V4,20.0,post,0.5020629277009483,0.0171192375194161,Monkey_L;Monkey_A,area_timecourse_panel
Fig3C,alpha_beta,V4,20.0,pre,0.4792007382485231,0.0106523852449723,Monkey_L;Monkey_A,area_timecourse_panel
Fig3C,alpha_beta,V4,40.0,post,0.5060056639046934,0.018885790077935,Monkey_L;Monkey_A,area_timecourse_panel
Fig3C,alpha_beta,V4,40.0,pre,0.5105611910346841,0.0162675493173431,Monkey_L;Monkey_A,area_timecourse_panel
Fig3C,alpha_beta,V4,60.0,post,0.5081996904810173,0.0188570312364833,Monkey_L;Monkey_A,area_timecourse_panel
Fig3C,alpha_beta,V4,60.0,pre,0.532221944977604,0.0221150861798516,Monkey_L;Monkey_A,area_timecourse_panel
Fig3C,alpha_beta,V4,80.0,post,0.5143209565876875,0.0184117210391116,Monkey_L;Monkey_A,area_timecourse_panel
Fig3C,alpha_beta,V4,80.0,pre,0.5399882478485385,0.0218019030459334,Monkey_L;Monkey_A,area_timecourse_panel
Fig3C,alpha_beta,V4,100.0,post,0.5207956434139149,0.0178677356779876,Monkey_L;Monkey_A,area_timecourse_panel
Fig3C,alpha_beta,V4,100.0,pre,0.5404909950457759,0.0253864693908108,Monkey_L;Monkey_A,area_timecourse_panel
Fig3C,alpha_beta,V4,120.0,post,0.5132377446238794,0.0176700896690334,Monkey_L;Monkey_A,area_timecourse_panel
Fig3C,alpha_beta,V4,120.0,pre,0.5517406642169601,0.0284097318938743,Monkey_L;Monkey_A,area_timecourse_panel
Fig3C,alpha_beta,V4,140.0,post,0.5119043960685142,0.0159362825727882,Monkey_L;Monkey_A,area_timecourse_panel
Fig3C,alpha_beta,V4,140.0,pre,0.5585080312381383,0.0330865486312946,Monkey_L;Monkey_A,area_timecourse_panel
Fig3C,alpha_beta,V4,160.0,post,0.5118999846071124,0.0112135076717457,Monkey_L;Monkey_A,area_timecourse_panel
Fig3C,alpha_beta,V4,160.0,pre,0.5480479593636162,0.0357904333970315,Monkey_L;Monkey_A,area_timecourse_panel
Fig3C,alpha_beta,V4,180.0,post,0.5023368957768104,0.0090497221799005,Monkey_L;Monkey_A,area_timecourse_panel
Fig3C,alpha_beta,V4,180.0,pre,0.5213362562779005,0.0328330742215271,Monkey_L;Monkey_A,area_timecourse_panel
Fig3C,alpha_beta,V4,200.0,post,0.495302983549478,0.0169731884235633,Monkey_L;Monkey_A,area_timecourse_panel
Fig3C,alpha_beta,V4,200.0,pre,0.4919440951455789,0.0227162530595275,Monkey_L;Monkey_A,area_timecourse_panel
Fig3C,alpha_beta,V4,220.0,post,0.4947819252723427,0.0172957124836885,Monkey_L;Monkey_A,area_timecourse_panel
Fig3C,alpha_beta,V4,220.0,pre,0.471354899097833,0.021114997759569,Monkey_L;Monkey_A,area_timecourse_panel
Fig3C,alpha_beta,V4,240.0,post,0.4970865462184505,0.0142177819944315,Monkey_L;Monkey_A,area_timecourse_panel
Fig3C,alpha_beta,V4,240.0,pre,0.473346028145553,0.016420130354131,Monkey_L;Monkey_A,area_timecourse_panel
Fig3C,alpha_beta,V4,260.0,post,0.4935387228948588,0.014150730190335,Monkey_L;Monkey_A,area_timecourse_panel
Fig3C,alpha_beta,V4,260.0,pre,0.4776315298186079,0.0123077745904373,Monkey_L;Monkey_A,area_timecourse_panel
Fig3C,alpha_beta,V4,280.0,post,0.4937384547311749,0.0156569639674177,Monkey_L;Monkey_A,area_timecourse_panel
Fig3C,alpha_beta,V4,280.0,pre,0.4741734911772765,0.0148006889382158,Monkey_L;Monkey_A,area_timecourse_panel
Fig3C,alpha_beta,V4,300.0,post,0.4930491010187652,0.0181805565141165,Monkey_L;Monkey_A,area_timecourse_panel
Fig3C,alpha_beta,V4,300.0,pre,0.4766668807376967,0.0120513781447585,Monkey_L;Monkey_A,area_timecourse_panel
Fig3C,alpha_beta,V4,320.0,post,0.4899789474811981,0.0212593709153147,Monkey_L;Monkey_A,area_timecourse_panel
Fig3C,alpha_beta,V4,320.0,pre,0.4831879025544288,0.0091533276479418,Monkey_L;Monkey_A,area_timecourse_panel
Fig3C,alpha_beta,V4,340.0,post,0.493963131219159,0.0225532630609471,Monkey_L;Monkey_A,area_timecourse_panel
Fig3C,alpha_beta,V4,340.0,pre,0.4801356617686122,0.0098121541299706,Monkey_L;Monkey_A,area_timecourse_panel
Fig3C,alpha_beta,V4,360.0,post,0.5006389128973115,0.025426250960922,Monkey_L;Monkey_A,area_timecourse_panel
Fig3C,alpha_beta,V4,360.0,pre,0.4757011720358896,0.0127095796766668,Monkey_L;Monkey_A,area_timecourse_panel
Fig3C,alpha_beta,V4,380.0,post,0.5043483179235613,0.025690435413905,Monkey_L;Monkey_A,area_timecourse_panel
Fig3C,alpha_beta,V4,380.0,pre,0.4611793916692863,0.0196517948761029,Monkey_L;Monkey_A,area_timecourse_panel
Fig3C,alpha_beta,V4,400.0,post,0.5063020825147859,0.0251411441742546,Monkey_L;Monkey_A,area_timecourse_panel
Fig3C,alpha_beta,V4,400.0,pre,0.4569465601898005,0.027293690272627,Monkey_L;Monkey_A,area_timecourse_panel
