figure_panel,frequency_band,monkey_id,area,time_ms,condition,mean_cp,sem_cp,source_file,notes
FigS1,high_gamma,Monkey_L,V4,10.0,pre,0.4978273992018964,0.0171038671108182,highgamma_mkywise.csv,Monkey-wise CP trace used for Supplementary Figures 1-3.
FigS1,high_gamma,Monkey_L,V4,10.0,post,0.4881008836489133,0.0282575960798936,highgamma_mkywise.csv,Monkey-wise CP trace used for Supplementary Figures 1-3.
FigS1,high_gamma,Monkey_L,V4,30.0,pre,0.5064064597969454,0.0164632972816539,highgamma_mkywise.csv,Monkey-wise CP trace used for Supplementary Figures 1-3.
FigS1,high_gamma,Monkey_L,V4,30.0,post,0.4943900633980472,0.0239903082069933,highgamma_mkywise.csv,Monkey-wise CP trace used for Supplementary Figures 1-3.
FigS1,high_gamma,Monkey_L,V4,50.0,pre,0.5100236866254836,0.0240339528539595,highgamma_mkywise.csv,Monkey-wise CP trace used for Supplementary Figures 1-3.
FigS1,high_gamma,Monkey_L,V4,50.0,post,0.4952145017554762,0.0176330686849286,highgamma_mkywise.csv,Monkey-wise CP trace used for Supplementary Figures 1-3.
FigS1,high_gamma,Monkey_L,V4,70.0,pre,0.5158692562777474,0.0272275475528326,highgamma_mkywise.csv,Monkey-wise CP trace used for Supplementary Figures 1-3.
FigS1,high_gamma,Monkey_L,V4,70.0,post,0.4888865771245972,0.0114839206741778,highgamma_mkywise.csv,Monkey-wise CP trace used for Supplementary Figures 1-3.
FigS1,high_gamma,Monkey_L,V4,90.0,pre,0.5345951790675318,0.0150359163265912,highgamma_mkywise.csv,Monkey-wise CP trace used for Supplementary Figures 1-3.
FigS1,high_gamma,Monkey_L,V4,90.0,post,0.4880237704974173,0.0056642640796047,highgamma_mkywise.csv,Monkey-wise CP trace used for Supplementary Figures 1-3.
FigS1,high_gamma,Monkey_L,V4,110.0,pre,0.5426408562195895,0.0039505824054711,highgamma_mkywise.csv,Monkey-wise CP trace used for Supplementary Figures 1-3.
FigS1,high_gamma,Monkey_L,V4,110.0,post,0.4879709662904408,0.0086648535832298,highgamma_mkywise.csv,Monkey-wise CP trace used for Supplementary Figures 1-3.
FigS1,high_gamma,Monkey_L,V4,130.0,pre,0.5343760358519489,0.011318897036273,highgamma_mkywise.csv,Monkey-wise CP trace used for Supplementary Figures 1-3.
FigS1,high_gamma,Monkey_L,V4,130.0,post,0.4887464709229749,0.0105192115587994,highgamma_mkywise.csv,Monkey-wise CP trace used for Supplementary Figures 1-3.
FigS1,high_gamma,Monkey_L,V4,150.0,pre,0.5255332939188899,0.0146918305087213,highgamma_mkywise.csv,Monkey-wise CP trace used for Supplementary Figures 1-3.
FigS1,high_gamma,Monkey_L,V4,150.0,post,0.4983321556324486,0.0139485705381343,highgamma_mkywise.csv,Monkey-wise CP trace used for Supplementary Figures 1-3.
FigS1,high_gamma,Monkey_L,V4,170.0,pre,0.5261168162439694,0.0120456586721341,highgamma_mkywise.csv,Monkey-wise CP trace used for Supplementary Figures 1-3.
FigS1,high_gamma,Monkey_L,V4,170.0,post,0.5090500435336308,0.0139640756015343,highgamma_mkywise.csv,Monkey-wise CP trace used for Supplementary Figures 1-3.
FigS1,high_gamma,Monkey_L,V4,190.0,pre,0.5233970194498277,0.0077087403582331,highgamma_mkywise.csv,Monkey-wise CP trace used for Supplementary Figures 1-3.
FigS1,high_gamma,Monkey_L,V4,190.0,post,0.5178736593808547,0.0089359755042116,highgamma_mkywise.csv,Monkey-wise CP trace used for Supplementary Figures 1-3.
FigS1,high_gamma,Monkey_L,V4,210.0,pre,0.5192161912235669,0.0053927144648531,highgamma_mkywise.csv,Monkey-wise CP trace used for Supplementary Figures 1-3.
FigS1,high_gamma,Monkey_L,V4,210.0,post,0.5143497817149313,0.006218672257018,highgamma_mkywise.csv,Monkey-wise CP trace used for Supplementary Figures 1-3.
FigS1,high_gamma,Monkey_L,V4,230.0,pre,0.5131963571142938,0.0066433845030574,highgamma_mkywise.csv,Monkey-wise CP trace used for Supplementary Figures 1-3.
FigS1,high_gamma,Monkey_L,V4,230.0,post,0.5100181920452429,0.0083068656322884,highgamma_mkywise.csv,Monkey-wise CP trace used for Supplementary Figures 1-3.
FigS1,high_gamma,Monkey_L,V4,250.0,pre,0.5068703087845942,0.0245283748877546,highgamma_mkywise.csv,Monkey-wise CP trace used for Supplementary Figures 1-3.
FigS1,high_gamma,Monkey_L,V4,250.0,post,0.5128219280792733,0.0112204600887391,highgamma_mkywise.csv,Monkey-wise CP trace used for Supplementary Figures 1-3.
FigS1,high_gamma,Monkey_L,V4,270.0,pre,0.5116623846022841,0.0298114282731409,highgamma_mkywise.csv,Monkey-wise CP trace used for Supplementary Figures 1-3.
FigS1,high_gamma,Monkey_L,V4,270.0,post,0.5134281431144364,0.0108453136466386,highgamma_mkywise.csv,Monkey-wise CP trace used for Supplementary Figures 1-3.
FigS1,high_gamma,Monkey_L,V4,290.0,pre,0.5213260835347814,0.0290731958369906,highgamma_mkywise.csv,Monkey-wise CP trace used for Supplementary Figures 1-3.
FigS1,high_gamma,Monkey_L,V4,290.0,post,0.5083990981659147,0.0091196485192807,highgamma_mkywise.csv,Monkey-wise CP trace used for Supplementary Figures 1-3.
FigS1,high_gamma,Monkey_L,V4,310.0,pre,0.5320567260927589,0.02722565381806,highgamma_mkywise.csv,Monkey-wise CP trace used for Supplementary Figures 1-3.
FigS1,high_gamma,Monkey_L,V4,310.0,post,0.5027936653227348,0.0124544395952683,highgamma_mkywise.csv,Monkey-wise CP trace used for Supplementary Figures 1-3.
FigS1,high_gamma,Monkey_L,V4,330.0,pre,0.5338034774051778,0.0237142606033253,highgamma_mkywise.csv,Monkey-wise CP trace used for Supplementary Figures 1-3.
FigS1,high_gamma,Monkey_L,V4,330.0,post,0.5006386042842094,0.0168688182832587,highgamma_mkywise.csv,Monkey-wise CP trace used for Supplementary Figures 1-3.
FigS1,high_gamma,Monkey_L,V4,350.0,pre,0.5363334611014182,0.0215167557128622,highgamma_mkywise.csv,Monkey-wise CP trace used for Supplementary Figures 1-3.
FigS1,high_gamma,Monkey_L,V4,350.0,post,0.5026086852308528,0.0184366863693537,highgamma_mkywise.csv,Monkey-wise CP trace used for Supplementary Figures 1-3.
FigS1,high_gamma,Monkey_L,V4,370.0,pre,0.5386096010223165,0.019544501084682,highgamma_mkywise.csv,Monkey-wise CP trace used for Supplementary Figures 1-3.
FigS1,high_gamma,Monkey_L,V4,370.0,post,0.5101129094593208,0.0146211104754245,highgamma_mkywise.csv,Monkey-wise CP trace used for Supplementary Figures 1-3.
FigS1,high_gamma,Monkey_L,V4,390.0,pre,0.5294887595655595,0.0126520314412681,highgamma_mkywise.csv,Monkey-wise CP trace used for Supplementary Figures 1-3.
FigS1,high_gamma,Monkey_L,V4,390.0,post,0.5139101680414307,0.0122560630771334,highgamma_mkywise.csv,Monkey-wise CP trace used for Supplementary Figures 1-3.
FigS1,high_gamma,Monkey_A,V4,10.0,pre,0.4616520932719657,0.0370670661716948,highgamma_mkywise.csv,Monkey-wise CP trace used for Supplementary Figures 1-3.
FigS1,high_gamma,Monkey_A,V4,10.0,post,0.5329152818336432,0.0079613522943478,highgamma_mkywise.csv,Monkey-wise CP trace used for Supplementary Figures 1-3.
FigS1,high_gamma,Monkey_A,V4,30.0,pre,0.4744655318428185,0.0279978827913279,highgamma_mkywise.csv,Monkey-wise CP trace used for Supplementary Figures 1-3.
FigS1,high_gamma,Monkey_A,V4,30.0,post,0.5309631414627473,0.0041414101983433,highgamma_mkywise.csv,Monkey-wise CP trace used for Supplementary Figures 1-3.
FigS1,high_gamma,Monkey_A,V4,50.0,pre,0.5197229627203296,0.0158478367376648,highgamma_mkywise.csv,Monkey-wise CP trace used for Supplementary Figures 1-3.
FigS1,high_gamma,Monkey_A,V4,50.0,post,0.5374697138414906,0.0022869258917274,highgamma_mkywise.csv,Monkey-wise CP trace used for Supplementary Figures 1-3.
FigS1,high_gamma,Monkey_A,V4,70.0,pre,0.5538297974198751,0.0401336172142712,highgamma_mkywise.csv,Monkey-wise CP trace used for Supplementary Figures 1-3.
FigS1,high_gamma,Monkey_A,V4,70.0,post,0.5418588316938877,0.0022584877064529,highgamma_mkywise.csv,Monkey-wise CP trace used for Supplementary Figures 1-3.
FigS1,high_gamma,Monkey_A,V4,90.0,pre,0.559792922993796,0.0304094821552554,highgamma_mkywise.csv,Monkey-wise CP trace used for Supplementary Figures 1-3.
FigS1,high_gamma,Monkey_A,V4,90.0,post,0.5245157692881945,0.0047541749347933,highgamma_mkywise.csv,Monkey-wise CP trace used for Supplementary Figures 1-3.
FigS1,high_gamma,Monkey_A,V4,110.0,pre,0.55198023611951,0.0215580430132813,highgamma_mkywise.csv,Monkey-wise CP trace used for Supplementary Figures 1-3.
FigS1,high_gamma,Monkey_A,V4,110.0,post,0.501573036856869,0.0036357102998545,highgamma_mkywise.csv,Monkey-wise CP trace used for Supplementary Figures 1-3.
FigS1,high_gamma,Monkey_A,V4,130.0,pre,0.5577472668760779,0.0231563577851688,highgamma_mkywise.csv,Monkey-wise CP trace used for Supplementary Figures 1-3.
FigS1,high_gamma,Monkey_A,V4,130.0,post,0.4922703053931123,0.0028216778812909,highgamma_mkywise.csv,Monkey-wise CP trace used for Supplementary Figures 1-3.
FigS1,high_gamma,Monkey_A,V4,150.0,pre,0.5663001872942284,0.0271805037626822,highgamma_mkywise.csv,Monkey-wise CP trace used for Supplementary Figures 1-3.
FigS1,high_gamma,Monkey_A,V4,150.0,post,0.4918804068126861,0.0055422297959513,highgamma_mkywise.csv,Monkey-wise CP trace used for Supplementary Figures 1-3.
FigS1,high_gamma,Monkey_A,V4,170.0,pre,0.5631548634907836,0.0195619386772381,highgamma_mkywise.csv,Monkey-wise CP trace used for Supplementary Figures 1-3.
FigS1,high_gamma,Monkey_A,V4,170.0,post,0.4857324955521023,0.0046938269936716,highgamma_mkywise.csv,Monkey-wise CP trace used for Supplementary Figures 1-3.
FigS1,high_gamma,Monkey_A,V4,190.0,pre,0.5499433308976684,0.0109585999966404,highgamma_mkywise.csv,Monkey-wise CP trace used for Supplementary Figures 1-3.
FigS1,high_gamma,Monkey_A,V4,190.0,post,0.4763839997464302,0.002751253877574,highgamma_mkywise.csv,Monkey-wise CP trace used for Supplementary Figures 1-3.
FigS1,high_gamma,Monkey_A,V4,210.0,pre,0.5253293893760219,0.003482433117203,highgamma_mkywise.csv,Monkey-wise CP trace used for Supplementary Figures 1-3.
FigS1,high_gamma,Monkey_A,V4,210.0,post,0.4811368667949529,0.0030176873267655,highgamma_mkywise.csv,Monkey-wise CP trace used for Supplementary Figures 1-3.
FigS1,high_gamma,Monkey_A,V4,230.0,pre,0.50279865450514,0.0006464674460794,highgamma_mkywise.csv,Monkey-wise CP trace used for Supplementary Figures 1-3.
FigS1,high_gamma,Monkey_A,V4,230.0,post,0.4993112827711842,0.004937529246022,highgamma_mkywise.csv,Monkey-wise CP trace used for Supplementary Figures 1-3.
FigS1,high_gamma,Monkey_A,V4,250.0,pre,0.5094809472216624,0.016377792615736,highgamma_mkywise.csv,Monkey-wise CP trace used for Supplementary Figures 1-3.
FigS1,high_gamma,Monkey_A,V4,250.0,post,0.5170083219268635,0.0042733632445589,highgamma_mkywise.csv,Monkey-wise CP trace used for Supplementary Figures 1-3.
FigS1,high_gamma,Monkey_A,V4,270.0,pre,0.5024902748381822,0.0119042034816008,highgamma_mkywise.csv,Monkey-wise CP trace used for Supplementary Figures 1-3.
FigS1,high_gamma,Monkey_A,V4,270.0,post,0.5254325108163362,0.0001226093332032,highgamma_mkywise.csv,Monkey-wise CP trace used for Supplementary Figures 1-3.
FigS1,high_gamma,Monkey_A,V4,290.0,pre,0.5003367621615267,0.0092084614157091,highgamma_mkywise.csv,Monkey-wise CP trace used for Supplementary Figures 1-3.
FigS1,high_gamma,Monkey_A,V4,290.0,post,0.519350404251965,0.0027618854581897,highgamma_mkywise.csv,Monkey-wise CP trace used for Supplementary Figures 1-3.
FigS1,high_gamma,Monkey_A,V4,310.0,pre,0.4952985999126521,0.0051942862662097,highgamma_mkywise.csv,Monkey-wise CP trace used for Supplementary Figures 1-3.
FigS1,high_gamma,Monkey_A,V4,310.0,post,0.518512646376079,0.0029605273584285,highgamma_mkywise.csv,Monkey-wise CP trace used for Supplementary Figures 1-3.
FigS1,high_gamma,Monkey_A,V4,330.0,pre,0.488564491925911,0.0012762939819481,highgamma_mkywise.csv,Monkey-wise CP trace used for Supplementary Figures 1-3.
FigS1,high_gamma,Monkey_A,V4,330.0,post,0.50782928080435,0.0014429755747233,highgamma_mkywise.csv,Monkey-wise CP trace used for Supplementary Figures 1-3.
FigS1,high_gamma,Monkey_A,V4,350.0,pre,0.492306410137965,0.0019017538186745,highgamma_mkywise.csv,Monkey-wise CP trace used for Supplementary Figures 1-3.
FigS1,high_gamma,Monkey_A,V4,350.0,post,0.4966687469398547,0.0004444511173335,highgamma_mkywise.csv,Monkey-wise CP trace used for Supplementary Figures 1-3.
FigS1,high_gamma,Monkey_A,V4,370.0,pre,0.5045678052699948,0.0067211513695715,highgamma_mkywise.csv,Monkey-wise CP trace used for Supplementary Figures 1-3.
FigS1,high_gamma,Monkey_A,V4,370.0,post,0.4873575909535642,0.0001712296716687,highgamma_mkywise.csv,Monkey-wise CP trace used for Supplementary Figures 1-3.
FigS1,high_gamma,Monkey_A,V4,390.0,pre,0.5126845142108447,0.0025898760330577,highgamma_mkywise.csv,Monkey-wise CP trace used for Supplementary Figures 1-3.
FigS1,high_gamma,Monkey_A,V4,390.0,post,0.4874311311965074,0.0039644651971296,highgamma_mkywise.csv,Monkey-wise CP trace used for Supplementary Figures 1-3.
FigS1,high_gamma,Monkey_C,MT,0.0,pre,0.5023138452897364,0.004484740630141,highgamma_mkywise.csv,Monkey-wise CP trace used for Supplementary Figures 1-3.
FigS1,high_gamma,Monkey_C,MT,0.0,post,0.5032871289128495,0.0021586267846149,highgamma_mkywise.csv,Monkey-wise CP trace used for Supplementary Figures 1-3.
FigS1,high_gamma,Monkey_C,MT,20.0,pre,0.500964955432641,0.0016849410176485,highgamma_mkywise.csv,Monkey-wise CP trace used for Supplementary Figures 1-3.
FigS1,high_gamma,Monkey_C,MT,20.0,post,0.5006963327377174,0.002424621366864,highgamma_mkywise.csv,Monkey-wise CP trace used for Supplementary Figures 1-3.
FigS1,high_gamma,Monkey_C,MT,40.0,pre,0.5009935621249674,0.004001227411895,highgamma_mkywise.csv,Monkey-wise CP trace used for Supplementary Figures 1-3.
FigS1,high_gamma,Monkey_C,MT,40.0,post,0.4982353987243624,0.0032119651725753,highgamma_mkywise.csv,Monkey-wise CP trace used for Supplementary Figures 1-3.
FigS1,high_gamma,Monkey_C,MT,60.0,pre,0.5007552244089144,0.0029138122490022,highgamma_mkywise.csv,Monkey-wise CP trace used for Supplementary Figures 1-3.
FigS1,high_gamma,Monkey_C,MT,60.0,post,0.4979683850411962,0.0042829691909159,highgamma_mkywise.csv,Monkey-wise CP trace used for Supplementary Figures 1-3.
FigS1,high_gamma,Monkey_C,MT,80.0,pre,0.5036232550523184,0.0006128646696142,highgamma_mkywise.csv,Monkey-wise CP trace used for Supplementary Figures 1-3.
FigS1,high_gamma,Monkey_C,MT,80.0,post,0.4962292068930402,0.0056608885361724,highgamma_mkywise.csv,Monkey-wise CP trace used for Supplementary Figures 1-3.
FigS1,high_gamma,Monkey_C,MT,100.0,pre,0.5068513666757761,0.0007894675259678,highgamma_mkywise.csv,Monkey-wise CP trace used for Supplementary Figures 1-3.
FigS1,high_gamma,Monkey_C,MT,100.0,post,0.4951094758348319,0.0066389292501416,highgamma_mkywise.csv,Monkey-wise CP trace used for Supplementary Figures 1-3.
FigS1,high_gamma,Monkey_C,MT,120.0,pre,0.5106571077372086,0.0020414372904266,highgamma_mkywise.csv,Monkey-wise CP trace used for Supplementary Figures 1-3.
FigS1,high_gamma,Monkey_C,MT,120.0,post,0.496687322257157,0.0072612294255916,highgamma_mkywise.csv,Monkey-wise CP trace used for Supplementary Figures 1-3.
FigS1,high_gamma,Monkey_C,MT,140.0,pre,0.5114791200376305,0.0001527178707971,highgamma_mkywise.csv,Monkey-wise CP trace used for Supplementary Figures 1-3.
FigS1,high_gamma,Monkey_C,MT,140.0,post,0.4962087073306584,0.0076179634620009,highgamma_mkywise.csv,Monkey-wise CP trace used for Supplementary Figures 1-3.
FigS1,high_gamma,Monkey_C,MT,160.0,pre,0.5109424320610938,0.0034692560529679,highgamma_mkywise.csv,Monkey-wise CP trace used for Supplementary Figures 1-3.
FigS1,high_gamma,Monkey_C,MT,160.0,post,0.4963112840435644,0.0061131352698329,highgamma_mkywise.csv,Monkey-wise CP trace used for Supplementary Figures 1-3.
FigS1,high_gamma,Monkey_C,MT,180.0,pre,0.5099243499415331,0.0048744482148251,highgamma_mkywise.csv,Monkey-wise CP trace used for Supplementary Figures 1-3.
FigS1,high_gamma,Monkey_C,MT,180.0,post,0.4947770874365432,0.005562001969345,highgamma_mkywise.csv,Monkey-wise CP trace used for Supplementary Figures 1-3.
FigS1,high_gamma,Monkey_C,MT,200.0,pre,0.5085744300037989,0.0036541698763732,highgamma_mkywise.csv,Monkey-wise CP trace used for Supplementary Figures 1-3.
FigS1,high_gamma,Monkey_C,MT,200.0,post,0.4941313810930594,0.005444665330611,highgamma_mkywise.csv,Monkey-wise CP trace used for Supplementary Figures 1-3.
FigS1,high_gamma,Monkey_C,MT,220.0,pre,0.5057650751216084,0.0044853853750084,highgamma_mkywise.csv,Monkey-wise CP trace used for Supplementary Figures 1-3.
FigS1,high_gamma,Monkey_C,MT,220.0,post,0.4952582147284003,0.0035481464897677,highgamma_mkywise.csv,Monkey-wise CP trace used for Supplementary Figures 1-3.
FigS1,high_gamma,Monkey_C,MT,240.0,pre,0.5026039746667139,0.0047699180243627,highgamma_mkywise.csv,Monkey-wise CP trace used for Supplementary Figures 1-3.
FigS1,high_gamma,Monkey_C,MT,240.0,post,0.4960536917417706,0.002524919361526,highgamma_mkywise.csv,Monkey-wise CP trace used for Supplementary Figures 1-3.
FigS1,high_gamma,Monkey_C,MT,260.0,pre,0.5006321928201176,0.0039727988167671,highgamma_mkywise.csv,Monkey-wise CP trace used for Supplementary Figures 1-3.
FigS1,high_gamma,Monkey_C,MT,260.0,post,0.4961321731021097,0.0017131365505253,highgamma_mkywise.csv,Monkey-wise CP trace used for Supplementary Figures 1-3.
FigS1,high_gamma,Monkey_C,MT,280.0,pre,0.4995006080382778,0.0010246223373714,highgamma_mkywise.csv,Monkey-wise CP trace used for Supplementary Figures 1-3.
FigS1,high_gamma,Monkey_C,MT,280.0,post,0.4965489410145722,0.0014562743028636,highgamma_mkywise.csv,Monkey-wise CP trace used for Supplementary Figures 1-3.
FigS1,high_gamma,Monkey_C,MT,300.0,pre,0.5002718060992573,0.0012868215043255,highgamma_mkywise.csv,Monkey-wise CP trace used for Supplementary Figures 1-3.
FigS1,high_gamma,Monkey_C,MT,300.0,post,0.4981130860268551,0.0005653870492885,highgamma_mkywise.csv,Monkey-wise CP trace used for Supplementary Figures 1-3.
FigS1,high_gamma,Monkey_C,MT,320.0,pre,0.4999360723530029,0.0026886291995832,highgamma_mkywise.csv,Monkey-wise CP trace used for Supplementary Figures 1-3.
FigS1,high_gamma,Monkey_C,MT,320.0,post,0.5010196111756566,0.0005830244585428,highgamma_mkywise.csv,Monkey-wise CP trace used for Supplementary Figures 1-3.
FigS1,high_gamma,Monkey_C,MT,340.0,pre,0.4990718038942413,0.0032073977836596,highgamma_mkywise.csv,Monkey-wise CP trace used for Supplementary Figures 1-3.
FigS1,high_gamma,Monkey_C,MT,340.0,post,0.5040031760576946,0.0015378291216767,highgamma_mkywise.csv,Monkey-wise CP trace used for Supplementary Figures 1-3.
FigS1,high_gamma,Monkey_C,MT,360.0,pre,0.4952850223285819,0.0016900861677708,highgamma_mkywise.csv,Monkey-wise CP trace used for Supplementary Figures 1-3.
FigS1,high_gamma,Monkey_C,MT,360.0,post,0.5037997114316887,0.0019283621985286,highgamma_mkywise.csv,Monkey-wise CP trace used for Supplementary Figures 1-3.
FigS1,high_gamma,Monkey_C,MT,380.0,pre,0.4927371809368764,0.0010162256507319,highgamma_mkywise.csv,Monkey-wise CP trace used for Supplementary Figures 1-3.
FigS1,high_gamma,Monkey_C,MT,380.0,post,0.5045670138163353,0.0002215290517924,highgamma_mkywise.csv,Monkey-wise CP trace used for Supplementary Figures 1-3.
FigS1,high_gamma,Monkey_C,MT,400.0,pre,0.494320232513522,0.0023783916603887,highgamma_mkywise.csv,Monkey-wise CP trace used for Supplementary Figures 1-3.
FigS1,high_gamma,Monkey_C,MT,400.0,post,0.5085878949923571,0.0017119271523463,highgamma_mkywise.csv,Monkey-wise CP trace used for Supplementary Figures 1-3.
FigS1,high_gamma,Monkey_Y,MT,0.0,pre,0.506131753212287,0.0044767010247616,highgamma_mkywise.csv,Monkey-wise CP trace used for Supplementary Figures 1-3.
FigS1,high_gamma,Monkey_Y,MT,0.0,post,0.5085531560657693,0.0079400961602185,highgamma_mkywise.csv,Monkey-wise CP trace used for Supplementary Figures 1-3.
FigS1,high_gamma,Monkey_Y,MT,20.0,pre,0.5097405041174914,0.0057145922951071,highgamma_mkywise.csv,Monkey-wise CP trace used for Supplementary Figures 1-3.
FigS1,high_gamma,Monkey_Y,MT,20.0,post,0.5072441342313643,0.0084737839215075,highgamma_mkywise.csv,Monkey-wise CP trace used for Supplementary Figures 1-3.
FigS1,high_gamma,Monkey_Y,MT,40.0,pre,0.511245660362635,0.0050437094098333,highgamma_mkywise.csv,Monkey-wise CP trace used for Supplementary Figures 1-3.
FigS1,high_gamma,Monkey_Y,MT,40.0,post,0.50462110183983,0.0090557258502853,highgamma_mkywise.csv,Monkey-wise CP trace used for Supplementary Figures 1-3.
FigS1,high_gamma,Monkey_Y,MT,60.0,pre,0.51008333132481,0.006017090596678,highgamma_mkywise.csv,Monkey-wise CP trace used for Supplementary Figures 1-3.
FigS1,high_gamma,Monkey_Y,MT,60.0,post,0.5016197754294357,0.0097759139417603,highgamma_mkywise.csv,Monkey-wise CP trace used for Supplementary Figures 1-3.
FigS1,high_gamma,Monkey_Y,MT,80.0,pre,0.5130709317126535,0.0070148511757417,highgamma_mkywise.csv,Monkey-wise CP trace used for Supplementary Figures 1-3.
FigS1,high_gamma,Monkey_Y,MT,80.0,post,0.5002843692351009,0.0097813353993556,highgamma_mkywise.csv,Monkey-wise CP trace used for Supplementary Figures 1-3.
FigS1,high_gamma,Monkey_Y,MT,100.0,pre,0.5152814849782842,0.0060130237639903,highgamma_mkywise.csv,Monkey-wise CP trace used for Supplementary Figures 1-3.
FigS1,high_gamma,Monkey_Y,MT,100.0,post,0.502270060209825,0.0066467397371122,highgamma_mkywise.csv,Monkey-wise CP trace used for Supplementary Figures 1-3.
FigS1,high_gamma,Monkey_Y,MT,120.0,pre,0.5138669251108826,0.0057367583625886,highgamma_mkywise.csv,Monkey-wise CP trace used for Supplementary Figures 1-3.
FigS1,high_gamma,Monkey_Y,MT,120.0,post,0.5035983276627876,0.004510272617751,highgamma_mkywise.csv,Monkey-wise CP trace used for Supplementary Figures 1-3.
FigS1,high_gamma,Monkey_Y,MT,140.0,pre,0.5120545064029897,0.0054851429217181,highgamma_mkywise.csv,Monkey-wise CP trace used for Supplementary Figures 1-3.
FigS1,high_gamma,Monkey_Y,MT,140.0,post,0.5045048645379656,0.0062859134985357,highgamma_mkywise.csv,Monkey-wise CP trace used for Supplementary Figures 1-3.
FigS1,high_gamma,Monkey_Y,MT,160.0,pre,0.5124027434917232,0.005985424874747,highgamma_mkywise.csv,Monkey-wise CP trace used for Supplementary Figures 1-3.
FigS1,high_gamma,Monkey_Y,MT,160.0,post,0.504503847030502,0.0085724124539587,highgamma_mkywise.csv,Monkey-wise CP trace used for Supplementary Figures 1-3.
FigS1,high_gamma,Monkey_Y,MT,180.0,pre,0.5125954949950996,0.0070407448367767,highgamma_mkywise.csv,Monkey-wise CP trace used for Supplementary Figures 1-3.
FigS1,high_gamma,Monkey_Y,MT,180.0,post,0.5041007542731497,0.0068094643768977,highgamma_mkywise.csv,Monkey-wise CP trace used for Supplementary Figures 1-3.
FigS1,high_gamma,Monkey_Y,MT,200.0,pre,0.5105796057402208,0.009038430018752,highgamma_mkywise.csv,Monkey-wise CP trace used for Supplementary Figures 1-3.
FigS1,high_gamma,Monkey_Y,MT,200.0,post,0.5028763751908177,0.0036242733495799,highgamma_mkywise.csv,Monkey-wise CP trace used for Supplementary Figures 1-3.
FigS1,high_gamma,Monkey_Y,MT,220.0,pre,0.5069401501545049,0.0079710740119736,highgamma_mkywise.csv,Monkey-wise CP trace used for Supplementary Figures 1-3.
FigS1,high_gamma,Monkey_Y,MT,220.0,post,0.5014414713113058,0.0017191457147937,highgamma_mkywise.csv,Monkey-wise CP trace used for Supplementary Figures 1-3.
FigS1,high_gamma,Monkey_Y,MT,240.0,pre,0.5080961938250425,0.0059798459680759,highgamma_mkywise.csv,Monkey-wise CP trace used for Supplementary Figures 1-3.
FigS1,high_gamma,Monkey_Y,MT,240.0,post,0.4992628331634168,0.0017921553142823,highgamma_mkywise.csv,Monkey-wise CP trace used for Supplementary Figures 1-3.
FigS1,high_gamma,Monkey_Y,MT,260.0,pre,0.5130643402322149,0.0075451957536062,highgamma_mkywise.csv,Monkey-wise CP trace used for Supplementary Figures 1-3.
FigS1,high_gamma,Monkey_Y,MT,260.0,post,0.5008343256485417,0.0028233594004673,highgamma_mkywise.csv,Monkey-wise CP trace used for Supplementary Figures 1-3.
FigS1,high_gamma,Monkey_Y,MT,280.0,pre,0.5127253885996442,0.0080336023834191,highgamma_mkywise.csv,Monkey-wise CP trace used for Supplementary Figures 1-3.
FigS1,high_gamma,Monkey_Y,MT,280.0,post,0.5018041998190865,0.0046519457113188,highgamma_mkywise.csv,Monkey-wise CP trace used for Supplementary Figures 1-3.
FigS1,high_gamma,Monkey_Y,MT,300.0,pre,0.5072445047660359,0.0079419383906992,highgamma_mkywise.csv,Monkey-wise CP trace used for Supplementary Figures 1-3.
FigS1,high_gamma,Monkey_Y,MT,300.0,post,0.4996936177891665,0.0054160913912459,highgamma_mkywise.csv,Monkey-wise CP trace used for Supplementary Figures 1-3.
FigS1,high_gamma,Monkey_Y,MT,320.0,pre,0.4982726215455673,0.0105415192859592,highgamma_mkywise.csv,Monkey-wise CP trace used for Supplementary Figures 1-3.
FigS1,high_gamma,Monkey_Y,MT,320.0,post,0.4972422620675233,0.0060804404566149,highgamma_mkywise.csv,Monkey-wise CP trace used for Supplementary Figures 1-3.
FigS1,high_gamma,Monkey_Y,MT,340.0,pre,0.4912640860965102,0.0099916160767666,highgamma_mkywise.csv,Monkey-wise CP trace used for Supplementary Figures 1-3.
FigS1,high_gamma,Monkey_Y,MT,340.0,post,0.496122743744512,0.0078462183224683,highgamma_mkywise.csv,Monkey-wise CP trace used for Supplementary Figures 1-3.
FigS1,high_gamma,Monkey_Y,MT,360.0,pre,0.478953554972424,0.0099333871067403,highgamma_mkywise.csv,Monkey-wise CP trace used for Supplementary Figures 1-3.
FigS1,high_gamma,Monkey_Y,MT,360.0,post,0.4964577115431992,0.0072880739307342,highgamma_mkywise.csv,Monkey-wise CP trace used for Supplementary Figures 1-3.
FigS1,high_gamma,Monkey_Y,MT,380.0,pre,0.466484744002567,0.0130646560508188,highgamma_mkywise.csv,Monkey-wise CP trace used for Supplementary Figures 1-3.
FigS1,high_gamma,Monkey_Y,MT,380.0,post,0.4948152170032832,0.0060617974811766,highgamma_mkywise.csv,Monkey-wise CP trace used for Supplementary Figures 1-3.
FigS1,high_gamma,Monkey_Y,MT,400.0,pre,0.4605411039214755,0.0158794441290352,highgamma_mkywise.csv,Monkey-wise CP trace used for Supplementary Figures 1-3.
FigS1,high_gamma,Monkey_Y,MT,400.0,post,0.4954131756477487,0.0046019587704174,highgamma_mkywise.csv,Monkey-wise CP trace used for Supplementary Figures 1-3.
FigS2,low_gamma,Monkey_L,V4,10.0,pre,0.4763409866507399,0.0376166232301097,lowgamma_mkywise.csv,Monkey-wise CP trace used for Supplementary Figures 1-3.
FigS2,low_gamma,Monkey_L,V4,10.0,post,0.4981990004564971,0.0143186849185121,lowgamma_mkywise.csv,Monkey-wise CP trace used for Supplementary Figures 1-3.
FigS2,low_gamma,Monkey_L,V4,30.0,pre,0.4828624195174353,0.0307595906654368,lowgamma_mkywise.csv,Monkey-wise CP trace used for Supplementary Figures 1-3.
FigS2,low_gamma,Monkey_L,V4,30.0,post,0.4955619996841697,0.0185928891186378,lowgamma_mkywise.csv,Monkey-wise CP trace used for Supplementary Figures 1-3.
FigS2,low_gamma,Monkey_L,V4,50.0,pre,0.4872739298020225,0.0155064402004231,lowgamma_mkywise.csv,Monkey-wise CP trace used for Supplementary Figures 1-3.
FigS2,low_gamma,Monkey_L,V4,50.0,post,0.495864764129515,0.0212367679415968,lowgamma_mkywise.csv,Monkey-wise CP trace used for Supplementary Figures 1-3.
FigS2,low_gamma,Monkey_L,V4,70.0,pre,0.490211573521655,0.0016132085838252,lowgamma_mkywise.csv,Monkey-wise CP trace used for Supplementary Figures 1-3.
FigS2,low_gamma,Monkey_L,V4,70.0,post,0.4933045339843691,0.0203437056626335,lowgamma_mkywise.csv,Monkey-wise CP trace used for Supplementary Figures 1-3.
FigS2,low_gamma,Monkey_L,V4,90.0,pre,0.4891343663128225,0.005169738725298,lowgamma_mkywise.csv,Monkey-wise CP trace used for Supplementary Figures 1-3.
FigS2,low_gamma,Monkey_L,V4,90.0,post,0.4956110117666867,0.017030138698474,lowgamma_mkywise.csv,Monkey-wise CP trace used for Supplementary Figures 1-3.
FigS2,low_gamma,Monkey_L,V4,110.0,pre,0.4965034228982399,0.0084612612080702,lowgamma_mkywise.csv,Monkey-wise CP trace used for Supplementary Figures 1-3.
FigS2,low_gamma,Monkey_L,V4,110.0,post,0.5015962286448185,0.0146220512837842,lowgamma_mkywise.csv,Monkey-wise CP trace used for Supplementary Figures 1-3.
FigS2,low_gamma,Monkey_L,V4,130.0,pre,0.5012425386488121,0.0053140565155271,lowgamma_mkywise.csv,Monkey-wise CP trace used for Supplementary Figures 1-3.
FigS2,low_gamma,Monkey_L,V4,130.0,post,0.5067543867347374,0.0161799805397113,lowgamma_mkywise.csv,Monkey-wise CP trace used for Supplementary Figures 1-3.
FigS2,low_gamma,Monkey_L,V4,150.0,pre,0.5015542868374979,0.0019067367217167,lowgamma_mkywise.csv,Monkey-wise CP trace used for Supplementary Figures 1-3.
FigS2,low_gamma,Monkey_L,V4,150.0,post,0.50948969482185,0.0151114000266581,lowgamma_mkywise.csv,Monkey-wise CP trace used for Supplementary Figures 1-3.
FigS2,low_gamma,Monkey_L,V4,170.0,pre,0.4997599766487812,0.011534825198243,lowgamma_mkywise.csv,Monkey-wise CP trace used for Supplementary Figures 1-3.
FigS2,low_gamma,Monkey_L,V4,170.0,post,0.5180857514076519,0.0136146218963193,lowgamma_mkywise.csv,Monkey-wise CP trace used for Supplementary Figures 1-3.
FigS2,low_gamma,Monkey_L,V4,190.0,pre,0.5093638546198174,0.0225034341462989,lowgamma_mkywise.csv,Monkey-wise CP trace used for Supplementary Figures 1-3.
FigS2,low_gamma,Monkey_L,V4,190.0,post,0.5247206285185936,0.0139652496637404,lowgamma_mkywise.csv,Monkey-wise CP trace used for Supplementary Figures 1-3.
FigS2,low_gamma,Monkey_L,V4,210.0,pre,0.5207370902422702,0.0199036014379879,lowgamma_mkywise.csv,Monkey-wise CP trace used for Supplementary Figures 1-3.
FigS2,low_gamma,Monkey_L,V4,210.0,post,0.5228626164737904,0.0143745965081172,lowgamma_mkywise.csv,Monkey-wise CP trace used for Supplementary Figures 1-3.
FigS2,low_gamma,Monkey_L,V4,230.0,pre,0.5364418874541266,0.0333583555282922,lowgamma_mkywise.csv,Monkey-wise CP trace used for Supplementary Figures 1-3.
FigS2,low_gamma,Monkey_L,V4,230.0,post,0.5158304137231182,0.0103551482198815,lowgamma_mkywise.csv,Monkey-wise CP trace used for Supplementary Figures 1-3.
FigS2,low_gamma,Monkey_L,V4,250.0,pre,0.5309525788031153,0.0405411481670382,lowgamma_mkywise.csv,Monkey-wise CP trace used for Supplementary Figures 1-3.
FigS2,low_gamma,Monkey_L,V4,250.0,post,0.5191033107946375,0.0137367001170404,lowgamma_mkywise.csv,Monkey-wise CP trace used for Supplementary Figures 1-3.
FigS2,low_gamma,Monkey_L,V4,270.0,pre,0.5249748810533197,0.0289525597129652,lowgamma_mkywise.csv,Monkey-wise CP trace used for Supplementary Figures 1-3.
FigS2,low_gamma,Monkey_L,V4,270.0,post,0.5144587004503127,0.0138467084751429,lowgamma_mkywise.csv,Monkey-wise CP trace used for Supplementary Figures 1-3.
FigS2,low_gamma,Monkey_L,V4,290.0,pre,0.5209729602421499,0.0221338645973917,lowgamma_mkywise.csv,Monkey-wise CP trace used for Supplementary Figures 1-3.
FigS2,low_gamma,Monkey_L,V4,290.0,post,0.5050792049870433,0.0116700453054477,lowgamma_mkywise.csv,Monkey-wise CP trace used for Supplementary Figures 1-3.
FigS2,low_gamma,Monkey_L,V4,310.0,pre,0.5201957490601957,0.0242377453144634,lowgamma_mkywise.csv,Monkey-wise CP trace used for Supplementary Figures 1-3.
FigS2,low_gamma,Monkey_L,V4,310.0,post,0.5033254769989086,0.0108351051109165,lowgamma_mkywise.csv,Monkey-wise CP trace used for Supplementary Figures 1-3.
FigS2,low_gamma,Monkey_L,V4,330.0,pre,0.5148017234543912,0.0220102213230128,lowgamma_mkywise.csv,Monkey-wise CP trace used for Supplementary Figures 1-3.
FigS2,low_gamma,Monkey_L,V4,330.0,post,0.5061664147492536,0.0152926940584268,lowgamma_mkywise.csv,Monkey-wise CP trace used for Supplementary Figures 1-3.
FigS2,low_gamma,Monkey_L,V4,350.0,pre,0.5091268214938595,0.0106313354541322,lowgamma_mkywise.csv,Monkey-wise CP trace used for Supplementary Figures 1-3.
FigS2,low_gamma,Monkey_L,V4,350.0,post,0.5076043195574516,0.0219076936614115,lowgamma_mkywise.csv,Monkey-wise CP trace used for Supplementary Figures 1-3.
FigS2,low_gamma,Monkey_L,V4,370.0,pre,0.5033171060510002,0.0056031632935122,lowgamma_mkywise.csv,Monkey-wise CP trace used for Supplementary Figures 1-3.
FigS2,low_gamma,Monkey_L,V4,370.0,post,0.5118612338995399,0.0257294988450447,lowgamma_mkywise.csv,Monkey-wise CP trace used for Supplementary Figures 1-3.
FigS2,low_gamma,Monkey_L,V4,390.0,pre,0.5032712930342798,0.0102826597678809,lowgamma_mkywise.csv,Monkey-wise CP trace used for Supplementary Figures 1-3.
FigS2,low_gamma,Monkey_L,V4,390.0,post,0.510671896104546,0.0253582409343007,lowgamma_mkywise.csv,Monkey-wise CP trace used for Supplementary Figures 1-3.
FigS2,low_gamma,Monkey_A,V4,10.0,pre,0.4358076790633609,0.0181298335349056,lowgamma_mkywise.csv,Monkey-wise CP trace used for Supplementary Figures 1-3.
FigS2,low_gamma,Monkey_A,V4,10.0,post,0.5135691665811701,0.0199730281821131,lowgamma_mkywise.csv,Monkey-wise CP trace used for Supplementary Figures 1-3.
FigS2,low_gamma,Monkey_A,V4,30.0,pre,0.4594284502452462,0.0146825152858967,lowgamma_mkywise.csv,Monkey-wise CP trace used for Supplementary Figures 1-3.
FigS2,low_gamma,Monkey_A,V4,30.0,post,0.5251743350674503,0.0129856991644708,lowgamma_mkywise.csv,Monkey-wise CP trace used for Supplementary Figures 1-3.
FigS2,low_gamma,Monkey_A,V4,50.0,pre,0.5370717359291362,0.0213208792470156,lowgamma_mkywise.csv,Monkey-wise CP trace used for Supplementary Figures 1-3.
FigS2,low_gamma,Monkey_A,V4,50.0,post,0.5528224068944292,0.0048945641810988,lowgamma_mkywise.csv,Monkey-wise CP trace used for Supplementary Figures 1-3.
FigS2,low_gamma,Monkey_A,V4,70.0,pre,0.5767697960760599,0.0372647567694685,lowgamma_mkywise.csv,Monkey-wise CP trace used for Supplementary Figures 1-3.
FigS2,low_gamma,Monkey_A,V4,70.0,post,0.5605619106483462,0.0047028320575603,lowgamma_mkywise.csv,Monkey-wise CP trace used for Supplementary Figures 1-3.
FigS2,low_gamma,Monkey_A,V4,90.0,pre,0.5848979988353602,0.0284217843624716,lowgamma_mkywise.csv,Monkey-wise CP trace used for Supplementary Figures 1-3.
FigS2,low_gamma,Monkey_A,V4,90.0,post,0.5583625263891911,0.0103050227670636,lowgamma_mkywise.csv,Monkey-wise CP trace used for Supplementary Figures 1-3.
FigS2,low_gamma,Monkey_A,V4,110.0,pre,0.5834102023561558,0.0153872231180988,lowgamma_mkywise.csv,Monkey-wise CP trace used for Supplementary Figures 1-3.
FigS2,low_gamma,Monkey_A,V4,110.0,post,0.5579030479255238,0.0137146522465532,lowgamma_mkywise.csv,Monkey-wise CP trace used for Supplementary Figures 1-3.
FigS2,low_gamma,Monkey_A,V4,130.0,pre,0.5801033659768415,0.0235534768415865,lowgamma_mkywise.csv,Monkey-wise CP trace used for Supplementary Figures 1-3.
FigS2,low_gamma,Monkey_A,V4,130.0,post,0.5506264992105139,0.0104393947355909,lowgamma_mkywise.csv,Monkey-wise CP trace used for Supplementary Figures 1-3.
FigS2,low_gamma,Monkey_A,V4,150.0,pre,0.5888816252883604,0.0433050278281708,lowgamma_mkywise.csv,Monkey-wise CP trace used for Supplementary Figures 1-3.
FigS2,low_gamma,Monkey_A,V4,150.0,post,0.5491387652319122,0.0080391698592269,lowgamma_mkywise.csv,Monkey-wise CP trace used for Supplementary Figures 1-3.
FigS2,low_gamma,Monkey_A,V4,170.0,pre,0.5928587468364352,0.0470718087191201,lowgamma_mkywise.csv,Monkey-wise CP trace used for Supplementary Figures 1-3.
FigS2,low_gamma,Monkey_A,V4,170.0,post,0.5489673553922365,0.0103333591907787,lowgamma_mkywise.csv,Monkey-wise CP trace used for Supplementary Figures 1-3.
FigS2,low_gamma,Monkey_A,V4,190.0,pre,0.5851991967905217,0.043782849279939,lowgamma_mkywise.csv,Monkey-wise CP trace used for Supplementary Figures 1-3.
FigS2,low_gamma,Monkey_A,V4,190.0,post,0.5402179165405074,0.0118934940165038,lowgamma_mkywise.csv,Monkey-wise CP trace used for Supplementary Figures 1-3.
FigS2,low_gamma,Monkey_A,V4,210.0,pre,0.54955337325584,0.0599401904297968,lowgamma_mkywise.csv,Monkey-wise CP trace used for Supplementary Figures 1-3.
FigS2,low_gamma,Monkey_A,V4,210.0,post,0.5205624644981445,0.0069546452066552,lowgamma_mkywise.csv,Monkey-wise CP trace used for Supplementary Figures 1-3.
FigS2,low_gamma,Monkey_A,V4,230.0,pre,0.5170456533181035,0.0643398480369101,lowgamma_mkywise.csv,Monkey-wise CP trace used for Supplementary Figures 1-3.
FigS2,low_gamma,Monkey_A,V4,230.0,post,0.4923368007333505,8.98204242121836e-05,lowgamma_mkywise.csv,Monkey-wise CP trace used for Supplementary Figures 1-3.
FigS2,low_gamma,Monkey_A,V4,250.0,pre,0.5212055995095075,0.0557202134986226,lowgamma_mkywise.csv,Monkey-wise CP trace used for Supplementary Figures 1-3.
FigS2,low_gamma,Monkey_A,V4,250.0,post,0.4909191187448962,0.0066285844883686,lowgamma_mkywise.csv,Monkey-wise CP trace used for Supplementary Figures 1-3.
FigS2,low_gamma,Monkey_A,V4,270.0,pre,0.5066843826289504,0.0419402786176622,lowgamma_mkywise.csv,Monkey-wise CP trace used for Supplementary Figures 1-3.
FigS2,low_gamma,Monkey_A,V4,270.0,post,0.5050582768431562,0.0055304671606273,lowgamma_mkywise.csv,Monkey-wise CP trace used for Supplementary Figures 1-3.
FigS2,low_gamma,Monkey_A,V4,290.0,pre,0.4932440578176442,0.0377569584425183,lowgamma_mkywise.csv,Monkey-wise CP trace used for Supplementary Figures 1-3.
FigS2,low_gamma,Monkey_A,V4,290.0,post,0.5115469175005692,0.0081999464500646,lowgamma_mkywise.csv,Monkey-wise CP trace used for Supplementary Figures 1-3.
FigS2,low_gamma,Monkey_A,V4,310.0,pre,0.4881568834128423,0.0275121545275369,lowgamma_mkywise.csv,Monkey-wise CP trace used for Supplementary Figures 1-3.
FigS2,low_gamma,Monkey_A,V4,310.0,post,0.5162922892263703,0.0091515471510517,lowgamma_mkywise.csv,Monkey-wise CP trace used for Supplementary Figures 1-3.
FigS2,low_gamma,Monkey_A,V4,330.0,pre,0.4828824385764519,0.0172733879818136,lowgamma_mkywise.csv,Monkey-wise CP trace used for Supplementary Figures 1-3.
FigS2,low_gamma,Monkey_A,V4,330.0,post,0.50278153378025,0.010099307604341,lowgamma_mkywise.csv,Monkey-wise CP trace used for Supplementary Figures 1-3.
FigS2,low_gamma,Monkey_A,V4,350.0,pre,0.484838283052252,0.0176278416089946,lowgamma_mkywise.csv,Monkey-wise CP trace used for Supplementary Figures 1-3.
FigS2,low_gamma,Monkey_A,V4,350.0,post,0.4878662986568308,0.0083530859192863,lowgamma_mkywise.csv,Monkey-wise CP trace used for Supplementary Figures 1-3.
FigS2,low_gamma,Monkey_A,V4,370.0,pre,0.4898456292414163,0.0369429886447624,lowgamma_mkywise.csv,Monkey-wise CP trace used for Supplementary Figures 1-3.
FigS2,low_gamma,Monkey_A,V4,370.0,post,0.490707671570406,0.0146782407928726,lowgamma_mkywise.csv,Monkey-wise CP trace used for Supplementary Figures 1-3.
FigS2,low_gamma,Monkey_A,V4,390.0,pre,0.4954116133620013,0.0417394706488387,lowgamma_mkywise.csv,Monkey-wise CP trace used for Supplementary Figures 1-3.
FigS2,low_gamma,Monkey_A,V4,390.0,post,0.4764109031672034,0.0119939343437756,lowgamma_mkywise.csv,Monkey-wise CP trace used for Supplementary Figures 1-3.
FigS2,low_gamma,Monkey_C,MT,0.0,pre,0.4908517260120294,0.0101334340613128,lowgamma_mkywise.csv,Monkey-wise CP trace used for Supplementary Figures 1-3.
FigS2,low_gamma,Monkey_C,MT,0.0,post,0.4973693688793865,0.0049205883915816,lowgamma_mkywise.csv,Monkey-wise CP trace used for Supplementary Figures 1-3.
FigS2,low_gamma,Monkey_C,MT,20.0,pre,0.4931238610895737,0.0145139655537007,lowgamma_mkywise.csv,Monkey-wise CP trace used for Supplementary Figures 1-3.
FigS2,low_gamma,Monkey_C,MT,20.0,post,0.4949728822055633,0.0073938591665795,lowgamma_mkywise.csv,Monkey-wise CP trace used for Supplementary Figures 1-3.
FigS2,low_gamma,Monkey_C,MT,40.0,pre,0.5008785157704416,0.0137646532464297,lowgamma_mkywise.csv,Monkey-wise CP trace used for Supplementary Figures 1-3.
FigS2,low_gamma,Monkey_C,MT,40.0,post,0.4930963319203462,0.0108880486962397,lowgamma_mkywise.csv,Monkey-wise CP trace used for Supplementary Figures 1-3.
FigS2,low_gamma,Monkey_C,MT,60.0,pre,0.5046770346868856,0.0098563848279475,lowgamma_mkywise.csv,Monkey-wise CP trace used for Supplementary Figures 1-3.
FigS2,low_gamma,Monkey_C,MT,60.0,post,0.4958610060725917,0.0122062476103257,lowgamma_mkywise.csv,Monkey-wise CP trace used for Supplementary Figures 1-3.
FigS2,low_gamma,Monkey_C,MT,80.0,pre,0.5019644704868594,0.0058544428347778,lowgamma_mkywise.csv,Monkey-wise CP trace used for Supplementary Figures 1-3.
FigS2,low_gamma,Monkey_C,MT,80.0,post,0.4994135665535794,0.0125638780190209,lowgamma_mkywise.csv,Monkey-wise CP trace used for Supplementary Figures 1-3.
FigS2,low_gamma,Monkey_C,MT,100.0,pre,0.4990756083352029,0.003183015311066,lowgamma_mkywise.csv,Monkey-wise CP trace used for Supplementary Figures 1-3.
FigS2,low_gamma,Monkey_C,MT,100.0,post,0.4990045947614316,0.0122086971869434,lowgamma_mkywise.csv,Monkey-wise CP trace used for Supplementary Figures 1-3.
FigS2,low_gamma,Monkey_C,MT,120.0,pre,0.5020711453681108,0.0028489564667636,lowgamma_mkywise.csv,Monkey-wise CP trace used for Supplementary Figures 1-3.
FigS2,low_gamma,Monkey_C,MT,120.0,post,0.4985635771471084,0.0138131197455814,lowgamma_mkywise.csv,Monkey-wise CP trace used for Supplementary Figures 1-3.
FigS2,low_gamma,Monkey_C,MT,140.0,pre,0.5049523754637245,0.0010184195606129,lowgamma_mkywise.csv,Monkey-wise CP trace used for Supplementary Figures 1-3.
FigS2,low_gamma,Monkey_C,MT,140.0,post,0.501010696003608,0.0136479718633473,lowgamma_mkywise.csv,Monkey-wise CP trace used for Supplementary Figures 1-3.
FigS2,low_gamma,Monkey_C,MT,160.0,pre,0.5039373592707815,0.0010482229160301,lowgamma_mkywise.csv,Monkey-wise CP trace used for Supplementary Figures 1-3.
FigS2,low_gamma,Monkey_C,MT,160.0,post,0.5029043845221308,0.0136161688610269,lowgamma_mkywise.csv,Monkey-wise CP trace used for Supplementary Figures 1-3.
FigS2,low_gamma,Monkey_C,MT,180.0,pre,0.5012689717027505,0.0009186313522956,lowgamma_mkywise.csv,Monkey-wise CP trace used for Supplementary Figures 1-3.
FigS2,low_gamma,Monkey_C,MT,180.0,post,0.5012876623750955,0.0139264516460908,lowgamma_mkywise.csv,Monkey-wise CP trace used for Supplementary Figures 1-3.
FigS2,low_gamma,Monkey_C,MT,200.0,pre,0.4994840171029769,0.0006576547301826,lowgamma_mkywise.csv,Monkey-wise CP trace used for Supplementary Figures 1-3.
FigS2,low_gamma,Monkey_C,MT,200.0,post,0.5018750179887035,0.0147062375008986,lowgamma_mkywise.csv,Monkey-wise CP trace used for Supplementary Figures 1-3.
FigS2,low_gamma,Monkey_C,MT,220.0,pre,0.5001440331574443,0.0025014574835084,lowgamma_mkywise.csv,Monkey-wise CP trace used for Supplementary Figures 1-3.
FigS2,low_gamma,Monkey_C,MT,220.0,post,0.5049100214242168,0.0102410774339458,lowgamma_mkywise.csv,Monkey-wise CP trace used for Supplementary Figures 1-3.
FigS2,low_gamma,Monkey_C,MT,240.0,pre,0.5035080359628249,0.0067577636124235,lowgamma_mkywise.csv,Monkey-wise CP trace used for Supplementary Figures 1-3.
FigS2,low_gamma,Monkey_C,MT,240.0,post,0.505057376910024,0.0034118016110576,lowgamma_mkywise.csv,Monkey-wise CP trace used for Supplementary Figures 1-3.
FigS2,low_gamma,Monkey_C,MT,260.0,pre,0.501991149284426,0.0112153565394206,lowgamma_mkywise.csv,Monkey-wise CP trace used for Supplementary Figures 1-3.
FigS2,low_gamma,Monkey_C,MT,260.0,post,0.5067404879472253,0.000789073853583,lowgamma_mkywise.csv,Monkey-wise CP trace used for Supplementary Figures 1-3.
FigS2,low_gamma,Monkey_C,MT,280.0,pre,0.5008519387209591,0.0123821627709481,lowgamma_mkywise.csv,Monkey-wise CP trace used for Supplementary Figures 1-3.
FigS2,low_gamma,Monkey_C,MT,280.0,post,0.5085532982073256,0.0001369803909621,lowgamma_mkywise.csv,Monkey-wise CP trace used for Supplementary Figures 1-3.
FigS2,low_gamma,Monkey_C,MT,300.0,pre,0.5043958875971002,0.0140158577101852,lowgamma_mkywise.csv,Monkey-wise CP trace used for Supplementary Figures 1-3.
FigS2,low_gamma,Monkey_C,MT,300.0,post,0.50744171256496,0.0031881421745847,lowgamma_mkywise.csv,Monkey-wise CP trace used for Supplementary Figures 1-3.
FigS2,low_gamma,Monkey_C,MT,320.0,pre,0.5090982546375737,0.0132334474030811,lowgamma_mkywise.csv,Monkey-wise CP trace used for Supplementary Figures 1-3.
FigS2,low_gamma,Monkey_C,MT,320.0,post,0.5006785930104736,0.0006089199954043,lowgamma_mkywise.csv,Monkey-wise CP trace used for Supplementary Figures 1-3.
FigS2,low_gamma,Monkey_C,MT,340.0,pre,0.5053700138348751,0.0095495339760706,lowgamma_mkywise.csv,Monkey-wise CP trace used for Supplementary Figures 1-3.
FigS2,low_gamma,Monkey_C,MT,340.0,post,0.4993852537454845,0.0013092102349108,lowgamma_mkywise.csv,Monkey-wise CP trace used for Supplementary Figures 1-3.
FigS2,low_gamma,Monkey_C,MT,360.0,pre,0.4959231023468934,0.0015190483212329,lowgamma_mkywise.csv,Monkey-wise CP trace used for Supplementary Figures 1-3.
FigS2,low_gamma,Monkey_C,MT,360.0,post,0.4981818253469458,0.0031251453928885,lowgamma_mkywise.csv,Monkey-wise CP trace used for Supplementary Figures 1-3.
FigS2,low_gamma,Monkey_C,MT,380.0,pre,0.4910842630001609,0.0006234997662441,lowgamma_mkywise.csv,Monkey-wise CP trace used for Supplementary Figures 1-3.
FigS2,low_gamma,Monkey_C,MT,380.0,post,0.4986170109893911,0.002914763843928,lowgamma_mkywise.csv,Monkey-wise CP trace used for Supplementary Figures 1-3.
FigS2,low_gamma,Monkey_C,MT,400.0,pre,0.493680083682808,0.0018422421624083,lowgamma_mkywise.csv,Monkey-wise CP trace used for Supplementary Figures 1-3.
FigS2,low_gamma,Monkey_C,MT,400.0,post,0.498453180977767,0.0018988724850975,lowgamma_mkywise.csv,Monkey-wise CP trace used for Supplementary Figures 1-3.
FigS2,low_gamma,Monkey_Y,MT,0.0,pre,0.5123352774599343,0.0043315954561313,lowgamma_mkywise.csv,Monkey-wise CP trace used for Supplementary Figures 1-3.
FigS2,low_gamma,Monkey_Y,MT,0.0,post,0.5017695700073573,0.0023989812071911,lowgamma_mkywise.csv,Monkey-wise CP trace used for Supplementary Figures 1-3.
FigS2,low_gamma,Monkey_Y,MT,20.0,pre,0.5122314146713279,0.0013539123907447,lowgamma_mkywise.csv,Monkey-wise CP trace used for Supplementary Figures 1-3.
FigS2,low_gamma,Monkey_Y,MT,20.0,post,0.5055608877843024,0.0039700991439455,lowgamma_mkywise.csv,Monkey-wise CP trace used for Supplementary Figures 1-3.
FigS2,low_gamma,Monkey_Y,MT,40.0,pre,0.5203210363903584,0.0083031452906859,lowgamma_mkywise.csv,Monkey-wise CP trace used for Supplementary Figures 1-3.
FigS2,low_gamma,Monkey_Y,MT,40.0,post,0.5110406124634174,0.0042622531043882,lowgamma_mkywise.csv,Monkey-wise CP trace used for Supplementary Figures 1-3.
FigS2,low_gamma,Monkey_Y,MT,60.0,pre,0.5329732579281083,0.0083864010259521,lowgamma_mkywise.csv,Monkey-wise CP trace used for Supplementary Figures 1-3.
FigS2,low_gamma,Monkey_Y,MT,60.0,post,0.522905238791406,0.0101843596131428,lowgamma_mkywise.csv,Monkey-wise CP trace used for Supplementary Figures 1-3.
FigS2,low_gamma,Monkey_Y,MT,80.0,pre,0.5376994266493255,0.0044946855417601,lowgamma_mkywise.csv,Monkey-wise CP trace used for Supplementary Figures 1-3.
FigS2,low_gamma,Monkey_Y,MT,80.0,post,0.535431957961383,0.0171472486850604,lowgamma_mkywise.csv,Monkey-wise CP trace used for Supplementary Figures 1-3.
FigS2,low_gamma,Monkey_Y,MT,100.0,pre,0.5374870043851833,0.0069726251014866,lowgamma_mkywise.csv,Monkey-wise CP trace used for Supplementary Figures 1-3.
FigS2,low_gamma,Monkey_Y,MT,100.0,post,0.5406387091821587,0.0202209435701746,lowgamma_mkywise.csv,Monkey-wise CP trace used for Supplementary Figures 1-3.
FigS2,low_gamma,Monkey_Y,MT,120.0,pre,0.5375617905000741,0.0082773445389474,lowgamma_mkywise.csv,Monkey-wise CP trace used for Supplementary Figures 1-3.
FigS2,low_gamma,Monkey_Y,MT,120.0,post,0.5412017021119286,0.0180314299515696,lowgamma_mkywise.csv,Monkey-wise CP trace used for Supplementary Figures 1-3.
FigS2,low_gamma,Monkey_Y,MT,140.0,pre,0.5372465414093223,0.0080201893895799,lowgamma_mkywise.csv,Monkey-wise CP trace used for Supplementary Figures 1-3.
FigS2,low_gamma,Monkey_Y,MT,140.0,post,0.5410405131208965,0.0172456192510981,lowgamma_mkywise.csv,Monkey-wise CP trace used for Supplementary Figures 1-3.
FigS2,low_gamma,Monkey_Y,MT,160.0,pre,0.5353262112853526,0.0074159779114621,lowgamma_mkywise.csv,Monkey-wise CP trace used for Supplementary Figures 1-3.
FigS2,low_gamma,Monkey_Y,MT,160.0,post,0.5412405181262149,0.0188029243703017,lowgamma_mkywise.csv,Monkey-wise CP trace used for Supplementary Figures 1-3.
FigS2,low_gamma,Monkey_Y,MT,180.0,pre,0.5322395316902773,0.0109634488633411,lowgamma_mkywise.csv,Monkey-wise CP trace used for Supplementary Figures 1-3.
FigS2,low_gamma,Monkey_Y,MT,180.0,post,0.5414037207675535,0.0203599724107658,lowgamma_mkywise.csv,Monkey-wise CP trace used for Supplementary Figures 1-3.
FigS2,low_gamma,Monkey_Y,MT,200.0,pre,0.530266289457031,0.0103556340646534,lowgamma_mkywise.csv,Monkey-wise CP trace used for Supplementary Figures 1-3.
FigS2,low_gamma,Monkey_Y,MT,200.0,post,0.5327663339061249,0.0160022571888405,lowgamma_mkywise.csv,Monkey-wise CP trace used for Supplementary Figures 1-3.
FigS2,low_gamma,Monkey_Y,MT,220.0,pre,0.523560233068404,0.01147025499556,lowgamma_mkywise.csv,Monkey-wise CP trace used for Supplementary Figures 1-3.
FigS2,low_gamma,Monkey_Y,MT,220.0,post,0.5222732669853053,0.01007202087642,lowgamma_mkywise.csv,Monkey-wise CP trace used for Supplementary Figures 1-3.
FigS2,low_gamma,Monkey_Y,MT,240.0,pre,0.5139186494061202,0.0115658976386211,lowgamma_mkywise.csv,Monkey-wise CP trace used for Supplementary Figures 1-3.
FigS2,low_gamma,Monkey_Y,MT,240.0,post,0.5278757395585444,0.0121996557368585,lowgamma_mkywise.csv,Monkey-wise CP trace used for Supplementary Figures 1-3.
FigS2,low_gamma,Monkey_Y,MT,260.0,pre,0.5120644965968145,0.0102645901989313,lowgamma_mkywise.csv,Monkey-wise CP trace used for Supplementary Figures 1-3.
FigS2,low_gamma,Monkey_Y,MT,260.0,post,0.5256145655164296,0.0109349644649034,lowgamma_mkywise.csv,Monkey-wise CP trace used for Supplementary Figures 1-3.
FigS2,low_gamma,Monkey_Y,MT,280.0,pre,0.5118269467211213,0.0114960475061684,lowgamma_mkywise.csv,Monkey-wise CP trace used for Supplementary Figures 1-3.
FigS2,low_gamma,Monkey_Y,MT,280.0,post,0.5175233095218114,0.0069530765514819,lowgamma_mkywise.csv,Monkey-wise CP trace used for Supplementary Figures 1-3.
FigS2,low_gamma,Monkey_Y,MT,300.0,pre,0.5047838998638692,0.0090723152662483,lowgamma_mkywise.csv,Monkey-wise CP trace used for Supplementary Figures 1-3.
FigS2,low_gamma,Monkey_Y,MT,300.0,post,0.5121455719193698,0.0073536290537686,lowgamma_mkywise.csv,Monkey-wise CP trace used for Supplementary Figures 1-3.
FigS2,low_gamma,Monkey_Y,MT,320.0,pre,0.498989453953415,0.0069354148057463,lowgamma_mkywise.csv,Monkey-wise CP trace used for Supplementary Figures 1-3.
FigS2,low_gamma,Monkey_Y,MT,320.0,post,0.5043999356296046,0.0115342867655295,lowgamma_mkywise.csv,Monkey-wise CP trace used for Supplementary Figures 1-3.
FigS2,low_gamma,Monkey_Y,MT,340.0,pre,0.4914991228463568,0.0026928501706755,lowgamma_mkywise.csv,Monkey-wise CP trace used for Supplementary Figures 1-3.
FigS2,low_gamma,Monkey_Y,MT,340.0,post,0.4951840573209214,0.0128693214127718,lowgamma_mkywise.csv,Monkey-wise CP trace used for Supplementary Figures 1-3.
FigS2,low_gamma,Monkey_Y,MT,360.0,pre,0.4798967879880687,0.0039110001289459,lowgamma_mkywise.csv,Monkey-wise CP trace used for Supplementary Figures 1-3.
FigS2,low_gamma,Monkey_Y,MT,360.0,post,0.4823900410449016,0.0132927478789627,lowgamma_mkywise.csv,Monkey-wise CP trace used for Supplementary Figures 1-3.
FigS2,low_gamma,Monkey_Y,MT,380.0,pre,0.4706066049902299,0.0095658486006095,lowgamma_mkywise.csv,Monkey-wise CP trace used for Supplementary Figures 1-3.
FigS2,low_gamma,Monkey_Y,MT,380.0,post,0.4764995769310056,0.0156559298939151,lowgamma_mkywise.csv,Monkey-wise CP trace used for Supplementary Figures 1-3.
FigS2,low_gamma,Monkey_Y,MT,400.0,pre,0.4733606549273834,0.0118635581240385,lowgamma_mkywise.csv,Monkey-wise CP trace used for Supplementary Figures 1-3.
FigS2,low_gamma,Monkey_Y,MT,400.0,post,0.4750039594010325,0.0187292656113464,lowgamma_mkywise.csv,Monkey-wise CP trace used for Supplementary Figures 1-3.
FigS3,alpha_beta,Monkey_L,V4,10.0,pre,0.4851612049873204,0.0168269844560524,alphabeta_mkywise.csv,Monkey-wise CP trace used for Supplementary Figures 1-3.
FigS3,alpha_beta,Monkey_L,V4,10.0,post,0.4731334650307054,0.024265288471863,alphabeta_mkywise.csv,Monkey-wise CP trace used for Supplementary Figures 1-3.
FigS3,alpha_beta,Monkey_L,V4,30.0,pre,0.4869582460376162,0.0107757372972299,alphabeta_mkywise.csv,Monkey-wise CP trace used for Supplementary Figures 1-3.
FigS3,alpha_beta,Monkey_L,V4,30.0,post,0.4827642698790836,0.0217090550437831,alphabeta_mkywise.csv,Monkey-wise CP trace used for Supplementary Figures 1-3.
FigS3,alpha_beta,Monkey_L,V4,50.0,pre,0.4851105376866723,0.0149936070911613,alphabeta_mkywise.csv,Monkey-wise CP trace used for Supplementary Figures 1-3.
FigS3,alpha_beta,Monkey_L,V4,50.0,post,0.4890751808093332,0.0231478110369804,alphabeta_mkywise.csv,Monkey-wise CP trace used for Supplementary Figures 1-3.
FigS3,alpha_beta,Monkey_L,V4,70.0,pre,0.4875142698999719,0.014156199696404,alphabeta_mkywise.csv,Monkey-wise CP trace used for Supplementary Figures 1-3.
FigS3,alpha_beta,Monkey_L,V4,70.0,post,0.4876056599126472,0.0232746021466117,alphabeta_mkywise.csv,Monkey-wise CP trace used for Supplementary Figures 1-3.
FigS3,alpha_beta,Monkey_L,V4,90.0,pre,0.5118858770076079,0.0295547365419704,alphabeta_mkywise.csv,Monkey-wise CP trace used for Supplementary Figures 1-3.
FigS3,alpha_beta,Monkey_L,V4,90.0,post,0.4871460101818874,0.0236811848678251,alphabeta_mkywise.csv,Monkey-wise CP trace used for Supplementary Figures 1-3.
FigS3,alpha_beta,Monkey_L,V4,110.0,pre,0.5257893206008736,0.0395605848172105,alphabeta_mkywise.csv,Monkey-wise CP trace used for Supplementary Figures 1-3.
FigS3,alpha_beta,Monkey_L,V4,110.0,post,0.4871538828674024,0.0219579106644531,alphabeta_mkywise.csv,Monkey-wise CP trace used for Supplementary Figures 1-3.
FigS3,alpha_beta,Monkey_L,V4,130.0,pre,0.5314761798393913,0.0377377866354917,alphabeta_mkywise.csv,Monkey-wise CP trace used for Supplementary Figures 1-3.
FigS3,alpha_beta,Monkey_L,V4,130.0,post,0.4932197952407333,0.0212705555424703,alphabeta_mkywise.csv,Monkey-wise CP trace used for Supplementary Figures 1-3.
FigS3,alpha_beta,Monkey_L,V4,150.0,pre,0.5254836832030149,0.0414401495921371,alphabeta_mkywise.csv,Monkey-wise CP trace used for Supplementary Figures 1-3.
FigS3,alpha_beta,Monkey_L,V4,150.0,post,0.5001504354084041,0.0212767656590862,alphabeta_mkywise.csv,Monkey-wise CP trace used for Supplementary Figures 1-3.
FigS3,alpha_beta,Monkey_L,V4,170.0,pre,0.5289552897647224,0.0380229198768217,alphabeta_mkywise.csv,Monkey-wise CP trace used for Supplementary Figures 1-3.
FigS3,alpha_beta,Monkey_L,V4,170.0,post,0.4908473441712468,0.0190039289222698,alphabeta_mkywise.csv,Monkey-wise CP trace used for Supplementary Figures 1-3.
FigS3,alpha_beta,Monkey_L,V4,190.0,pre,0.5265151714391378,0.0257109582335054,alphabeta_mkywise.csv,Monkey-wise CP trace used for Supplementary Figures 1-3.
FigS3,alpha_beta,Monkey_L,V4,190.0,post,0.4928757966234299,0.019116938275592,alphabeta_mkywise.csv,Monkey-wise CP trace used for Supplementary Figures 1-3.
FigS3,alpha_beta,Monkey_L,V4,210.0,pre,0.5075136405677656,0.0032001513862252,alphabeta_mkywise.csv,Monkey-wise CP trace used for Supplementary Figures 1-3.
FigS3,alpha_beta,Monkey_L,V4,210.0,post,0.5008955513318384,0.015856457653296,alphabeta_mkywise.csv,Monkey-wise CP trace used for Supplementary Figures 1-3.
FigS3,alpha_beta,Monkey_L,V4,230.0,pre,0.4790047659728092,0.014989156929065,alphabeta_mkywise.csv,Monkey-wise CP trace used for Supplementary Figures 1-3.
FigS3,alpha_beta,Monkey_L,V4,230.0,post,0.4945288100845681,0.0140229275051112,alphabeta_mkywise.csv,Monkey-wise CP trace used for Supplementary Figures 1-3.
FigS3,alpha_beta,Monkey_L,V4,250.0,pre,0.4601505886341223,0.0177462650608043,alphabeta_mkywise.csv,Monkey-wise CP trace used for Supplementary Figures 1-3.
FigS3,alpha_beta,Monkey_L,V4,250.0,post,0.4798753228896803,0.0255096274900234,alphabeta_mkywise.csv,Monkey-wise CP trace used for Supplementary Figures 1-3.
FigS3,alpha_beta,Monkey_L,V4,270.0,pre,0.4391351654691462,0.0136961187488008,alphabeta_mkywise.csv,Monkey-wise CP trace used for Supplementary Figures 1-3.
FigS3,alpha_beta,Monkey_L,V4,270.0,post,0.4774145602002081,0.0244049863074525,alphabeta_mkywise.csv,Monkey-wise CP trace used for Supplementary Figures 1-3.
FigS3,alpha_beta,Monkey_L,V4,290.0,pre,0.4479493138207946,0.008531752382944,alphabeta_mkywise.csv,Monkey-wise CP trace used for Supplementary Figures 1-3.
FigS3,alpha_beta,Monkey_L,V4,290.0,post,0.4829309632578522,0.0203344543337042,alphabeta_mkywise.csv,Monkey-wise CP trace used for Supplementary Figures 1-3.
FigS3,alpha_beta,Monkey_L,V4,310.0,pre,0.4606434725626937,0.003606228210155,alphabeta_mkywise.csv,Monkey-wise CP trace used for Supplementary Figures 1-3.
FigS3,alpha_beta,Monkey_L,V4,310.0,post,0.4806096191516802,0.021030662460924,alphabeta_mkywise.csv,Monkey-wise CP trace used for Supplementary Figures 1-3.
FigS3,alpha_beta,Monkey_L,V4,330.0,pre,0.4618603334742181,0.013480828701563,alphabeta_mkywise.csv,Monkey-wise CP trace used for Supplementary Figures 1-3.
FigS3,alpha_beta,Monkey_L,V4,330.0,post,0.485502699793343,0.0258005810938527,alphabeta_mkywise.csv,Monkey-wise CP trace used for Supplementary Figures 1-3.
FigS3,alpha_beta,Monkey_L,V4,350.0,pre,0.4671862092490843,0.0150545607732314,alphabeta_mkywise.csv,Monkey-wise CP trace used for Supplementary Figures 1-3.
FigS3,alpha_beta,Monkey_L,V4,350.0,post,0.4952761393756321,0.0308706245130198,alphabeta_mkywise.csv,Monkey-wise CP trace used for Supplementary Figures 1-3.
FigS3,alpha_beta,Monkey_L,V4,370.0,pre,0.4730021960235278,0.0122121473961569,alphabeta_mkywise.csv,Monkey-wise CP trace used for Supplementary Figures 1-3.
FigS3,alpha_beta,Monkey_L,V4,370.0,post,0.5067072765009013,0.032311995742649,alphabeta_mkywise.csv,Monkey-wise CP trace used for Supplementary Figures 1-3.
FigS3,alpha_beta,Monkey_L,V4,390.0,pre,0.4662930573400958,0.0089335360194673,alphabeta_mkywise.csv,Monkey-wise CP trace used for Supplementary Figures 1-3.
FigS3,alpha_beta,Monkey_L,V4,390.0,post,0.5193492561802167,0.0286239974070898,alphabeta_mkywise.csv,Monkey-wise CP trace used for Supplementary Figures 1-3.
FigS3,alpha_beta,Monkey_A,V4,10.0,pre,0.4158154797979798,0.013362702020202,alphabeta_mkywise.csv,Monkey-wise CP trace used for Supplementary Figures 1-3.
FigS3,alpha_beta,Monkey_A,V4,10.0,post,0.4733911644608598,0.0372199363906843,alphabeta_mkywise.csv,Monkey-wise CP trace used for Supplementary Figures 1-3.
FigS3,alpha_beta,Monkey_A,V4,30.0,pre,0.40205677456382,0.030470663452709,alphabeta_mkywise.csv,Monkey-wise CP trace used for Supplementary Figures 1-3.
FigS3,alpha_beta,Monkey_A,V4,30.0,post,0.4857701446598954,0.0373490920283164,alphabeta_mkywise.csv,Monkey-wise CP trace used for Supplementary Figures 1-3.
FigS3,alpha_beta,Monkey_A,V4,50.0,pre,0.4156262121212121,0.0392428787878788,alphabeta_mkywise.csv,Monkey-wise CP trace used for Supplementary Figures 1-3.
FigS3,alpha_beta,Monkey_A,V4,50.0,post,0.5059411210286926,0.023871511918197,alphabeta_mkywise.csv,Monkey-wise CP trace used for Supplementary Figures 1-3.
FigS3,alpha_beta,Monkey_A,V4,70.0,pre,0.4667304407713499,0.0165637741046832,alphabeta_mkywise.csv,Monkey-wise CP trace used for Supplementary Figures 1-3.
FigS3,alpha_beta,Monkey_A,V4,70.0,post,0.5237488293834,0.0228421627167333,alphabeta_mkywise.csv,Monkey-wise CP trace used for Supplementary Figures 1-3.
FigS3,alpha_beta,Monkey_A,V4,90.0,pre,0.5085741620752984,0.0043936065197429,alphabeta_mkywise.csv,Monkey-wise CP trace used for Supplementary Figures 1-3.
FigS3,alpha_beta,Monkey_A,V4,90.0,post,0.5342951444889025,0.0234629622789918,alphabeta_mkywise.csv,Monkey-wise CP trace used for Supplementary Figures 1-3.
FigS3,alpha_beta,Monkey_A,V4,110.0,pre,0.5418708815426997,0.0063624517906335,alphabeta_mkywise.csv,Monkey-wise CP trace used for Supplementary Figures 1-3.
FigS3,alpha_beta,Monkey_A,V4,110.0,post,0.5397684019014397,0.0211767367737081,alphabeta_mkywise.csv,Monkey-wise CP trace used for Supplementary Figures 1-3.
FigS3,alpha_beta,Monkey_A,V4,130.0,pre,0.552756349862259,0.0144603168044076,alphabeta_mkywise.csv,Monkey-wise CP trace used for Supplementary Figures 1-3.
FigS3,alpha_beta,Monkey_A,V4,130.0,post,0.5459726986081186,0.0190495099346807,alphabeta_mkywise.csv,Monkey-wise CP trace used for Supplementary Figures 1-3.
FigS3,alpha_beta,Monkey_A,V4,150.0,pre,0.5630019628099174,0.0211730371900826,alphabeta_mkywise.csv,Monkey-wise CP trace used for Supplementary Figures 1-3.
FigS3,alpha_beta,Monkey_A,V4,150.0,post,0.5517634554221812,0.0153660408330768,alphabeta_mkywise.csv,Monkey-wise CP trace used for Supplementary Figures 1-3.
FigS3,alpha_beta,Monkey_A,V4,170.0,pre,0.5859187258953167,0.0422729407713497,alphabeta_mkywise.csv,Monkey-wise CP trace used for Supplementary Figures 1-3.
FigS3,alpha_beta,Monkey_A,V4,170.0,post,0.5468233453028282,0.0126049642625081,alphabeta_mkywise.csv,Monkey-wise CP trace used for Supplementary Figures 1-3.
FigS3,alpha_beta,Monkey_A,V4,190.0,pre,0.6064973209366391,0.0715943457300274,alphabeta_mkywise.csv,Monkey-wise CP trace used for Supplementary Figures 1-3.
FigS3,alpha_beta,Monkey_A,V4,190.0,post,0.5404472952361409,0.0092439465134571,alphabeta_mkywise.csv,Monkey-wise CP trace used for Supplementary Figures 1-3.
FigS3,alpha_beta,Monkey_A,V4,210.0,pre,0.6088494375573921,0.0813477846648301,alphabeta_mkywise.csv,Monkey-wise CP trace used for Supplementary Figures 1-3.
FigS3,alpha_beta,Monkey_A,V4,210.0,post,0.5284066345200233,0.0070021408296569,alphabeta_mkywise.csv,Monkey-wise CP trace used for Supplementary Figures 1-3.
FigS3,alpha_beta,Monkey_A,V4,230.0,pre,0.5848334917355373,0.0581915082644627,alphabeta_mkywise.csv,Monkey-wise CP trace used for Supplementary Figures 1-3.
FigS3,alpha_beta,Monkey_A,V4,230.0,post,0.514049024315174,0.0006511295783317,alphabeta_mkywise.csv,Monkey-wise CP trace used for Supplementary Figures 1-3.
FigS3,alpha_beta,Monkey_A,V4,250.0,pre,0.539634354912764,0.0206128673094582,alphabeta_mkywise.csv,Monkey-wise CP trace used for Supplementary Figures 1-3.
FigS3,alpha_beta,Monkey_A,V4,250.0,post,0.5184444745391744,0.0060100160733217,alphabeta_mkywise.csv,Monkey-wise CP trace used for Supplementary Figures 1-3.
FigS3,alpha_beta,Monkey_A,V4,270.0,pre,0.5196844995408632,0.0016622773186409,alphabeta_mkywise.csv,Monkey-wise CP trace used for Supplementary Figures 1-3.
FigS3,alpha_beta,Monkey_A,V4,270.0,post,0.5208329728805445,0.0085738846140692,alphabeta_mkywise.csv,Monkey-wise CP trace used for Supplementary Figures 1-3.
FigS3,alpha_beta,Monkey_A,V4,290.0,pre,0.5114410996326906,0.0076883218549127,alphabeta_mkywise.csv,Monkey-wise CP trace used for Supplementary Figures 1-3.
FigS3,alpha_beta,Monkey_A,V4,290.0,post,0.5183199206593481,0.0054365582572415,alphabeta_mkywise.csv,Monkey-wise CP trace used for Supplementary Figures 1-3.
FigS3,alpha_beta,Monkey_A,V4,310.0,pre,0.5031136157024794,0.0198386157024794,alphabeta_mkywise.csv,Monkey-wise CP trace used for Supplementary Figures 1-3.
FigS3,alpha_beta,Monkey_A,V4,310.0,post,0.5129323785096268,0.0069791758147806,alphabeta_mkywise.csv,Monkey-wise CP trace used for Supplementary Figures 1-3.
FigS3,alpha_beta,Monkey_A,V4,330.0,pre,0.4926432277318641,0.0328154499540863,alphabeta_mkywise.csv,Monkey-wise CP trace used for Supplementary Figures 1-3.
FigS3,alpha_beta,Monkey_A,V4,330.0,post,0.5060920871379228,0.0141436038439176,alphabeta_mkywise.csv,Monkey-wise CP trace used for Supplementary Figures 1-3.
FigS3,alpha_beta,Monkey_A,V4,350.0,pre,0.4908878879706153,0.0208656657483931,alphabeta_mkywise.csv,Monkey-wise CP trace used for Supplementary Figures 1-3.
FigS3,alpha_beta,Monkey_A,V4,350.0,post,0.489708543483465,0.0206819028077014,alphabeta_mkywise.csv,Monkey-wise CP trace used for Supplementary Figures 1-3.
FigS3,alpha_beta,Monkey_A,V4,370.0,pre,0.4984664623507805,0.0011692401285583,alphabeta_mkywise.csv,Monkey-wise CP trace used for Supplementary Figures 1-3.
FigS3,alpha_beta,Monkey_A,V4,370.0,post,0.4648864539516432,0.018385445094217,alphabeta_mkywise.csv,Monkey-wise CP trace used for Supplementary Figures 1-3.
FigS3,alpha_beta,Monkey_A,V4,390.0,pre,0.5008995684113866,0.0021893204775022,alphabeta_mkywise.csv,Monkey-wise CP trace used for Supplementary Figures 1-3.
FigS3,alpha_beta,Monkey_A,V4,390.0,post,0.4558839437775726,0.0145529906637939,alphabeta_mkywise.csv,Monkey-wise CP trace used for Supplementary Figures 1-3.
FigS3,alpha_beta,Monkey_C,MT,0.0,pre,0.4801795544320335,0.003736763734359,alphabeta_mkywise.csv,Monkey-wise CP trace used for Supplementary Figures 1-3.
FigS3,alpha_beta,Monkey_C,MT,0.0,post,0.5041231836227491,0.0096389083440099,alphabeta_mkywise.csv,Monkey-wise CP trace used for Supplementary Figures 1-3.
FigS3,alpha_beta,Monkey_C,MT,20.0,pre,0.4847720583326955,0.0005597922429173,alphabeta_mkywise.csv,Monkey-wise CP trace used for Supplementary Figures 1-3.
FigS3,alpha_beta,Monkey_C,MT,20.0,post,0.506140679271095,0.0142091401194867,alphabeta_mkywise.csv,Monkey-wise CP trace used for Supplementary Figures 1-3.
FigS3,alpha_beta,Monkey_C,MT,40.0,pre,0.4887135527389288,0.0021616013984427,alphabeta_mkywise.csv,Monkey-wise CP trace used for Supplementary Figures 1-3.
FigS3,alpha_beta,Monkey_C,MT,40.0,post,0.5052421356008042,0.0182398544268967,alphabeta_mkywise.csv,Monkey-wise CP trace used for Supplementary Figures 1-3.
FigS3,alpha_beta,Monkey_C,MT,60.0,pre,0.4937741955717608,0.0005574513857143,alphabeta_mkywise.csv,Monkey-wise CP trace used for Supplementary Figures 1-3.
FigS3,alpha_beta,Monkey_C,MT,60.0,post,0.5045306797520521,0.0180899518268951,alphabeta_mkywise.csv,Monkey-wise CP trace used for Supplementary Figures 1-3.
FigS3,alpha_beta,Monkey_C,MT,80.0,pre,0.4990754438686073,0.0016209928139832,alphabeta_mkywise.csv,Monkey-wise CP trace used for Supplementary Figures 1-3.
FigS3,alpha_beta,Monkey_C,MT,80.0,post,0.503398956830795,0.014387884166435,alphabeta_mkywise.csv,Monkey-wise CP trace used for Supplementary Figures 1-3.
FigS3,alpha_beta,Monkey_C,MT,100.0,pre,0.4969958790050657,0.0007795458520099,alphabeta_mkywise.csv,Monkey-wise CP trace used for Supplementary Figures 1-3.
FigS3,alpha_beta,Monkey_C,MT,100.0,post,0.5034872731651262,0.0120205296049569,alphabeta_mkywise.csv,Monkey-wise CP trace used for Supplementary Figures 1-3.
FigS3,alpha_beta,Monkey_C,MT,120.0,pre,0.4969183382770966,0.000214217130531,alphabeta_mkywise.csv,Monkey-wise CP trace used for Supplementary Figures 1-3.
FigS3,alpha_beta,Monkey_C,MT,120.0,post,0.5013298353855663,0.0088192881601402,alphabeta_mkywise.csv,Monkey-wise CP trace used for Supplementary Figures 1-3.
FigS3,alpha_beta,Monkey_C,MT,140.0,pre,0.501276256408069,0.0005999124383557,alphabeta_mkywise.csv,Monkey-wise CP trace used for Supplementary Figures 1-3.
FigS3,alpha_beta,Monkey_C,MT,140.0,post,0.4929294050545941,0.002088061981417,alphabeta_mkywise.csv,Monkey-wise CP trace used for Supplementary Figures 1-3.
FigS3,alpha_beta,Monkey_C,MT,160.0,pre,0.4984990857853116,0.003455710988124,alphabeta_mkywise.csv,Monkey-wise CP trace used for Supplementary Figures 1-3.
FigS3,alpha_beta,Monkey_C,MT,160.0,post,0.4856204424734716,0.0021725089554659,alphabeta_mkywise.csv,Monkey-wise CP trace used for Supplementary Figures 1-3.
FigS3,alpha_beta,Monkey_C,MT,180.0,pre,0.4904861406945112,0.0080979092180373,alphabeta_mkywise.csv,Monkey-wise CP trace used for Supplementary Figures 1-3.
FigS3,alpha_beta,Monkey_C,MT,180.0,post,0.4827792252199328,0.0029359099844757,alphabeta_mkywise.csv,Monkey-wise CP trace used for Supplementary Figures 1-3.
FigS3,alpha_beta,Monkey_C,MT,200.0,pre,0.4886219643975898,0.0078069076101372,alphabeta_mkywise.csv,Monkey-wise CP trace used for Supplementary Figures 1-3.
FigS3,alpha_beta,Monkey_C,MT,200.0,post,0.4817760276819449,0.0036984564908091,alphabeta_mkywise.csv,Monkey-wise CP trace used for Supplementary Figures 1-3.
FigS3,alpha_beta,Monkey_C,MT,220.0,pre,0.4888895897250251,0.0062443544627212,alphabeta_mkywise.csv,Monkey-wise CP trace used for Supplementary Figures 1-3.
FigS3,alpha_beta,Monkey_C,MT,220.0,post,0.4791436010438488,0.0066914880244582,alphabeta_mkywise.csv,Monkey-wise CP trace used for Supplementary Figures 1-3.
FigS3,alpha_beta,Monkey_C,MT,240.0,pre,0.4878148931265966,0.0052432111363316,alphabeta_mkywise.csv,Monkey-wise CP trace used for Supplementary Figures 1-3.
FigS3,alpha_beta,Monkey_C,MT,240.0,post,0.481446271622073,0.004142143090217,alphabeta_mkywise.csv,Monkey-wise CP trace used for Supplementary Figures 1-3.
FigS3,alpha_beta,Monkey_C,MT,260.0,pre,0.4859891112346846,0.0083805444418237,alphabeta_mkywise.csv,Monkey-wise CP trace used for Supplementary Figures 1-3.
FigS3,alpha_beta,Monkey_C,MT,260.0,post,0.4882786231749064,0.0025147374899134,alphabeta_mkywise.csv,Monkey-wise CP trace used for Supplementary Figures 1-3.
FigS3,alpha_beta,Monkey_C,MT,280.0,pre,0.4888968366953368,0.0044303358840874,alphabeta_mkywise.csv,Monkey-wise CP trace used for Supplementary Figures 1-3.
FigS3,alpha_beta,Monkey_C,MT,280.0,post,0.493576528851784,0.0073164750263322,alphabeta_mkywise.csv,Monkey-wise CP trace used for Supplementary Figures 1-3.
FigS3,alpha_beta,Monkey_C,MT,300.0,pre,0.4957407219065046,0.0002246647890065,alphabeta_mkywise.csv,Monkey-wise CP trace used for Supplementary Figures 1-3.
FigS3,alpha_beta,Monkey_C,MT,300.0,post,0.4962292986004744,0.0081691678815201,alphabeta_mkywise.csv,Monkey-wise CP trace used for Supplementary Figures 1-3.
FigS3,alpha_beta,Monkey_C,MT,320.0,pre,0.5014490538138107,0.007056906164556,alphabeta_mkywise.csv,Monkey-wise CP trace used for Supplementary Figures 1-3.
FigS3,alpha_beta,Monkey_C,MT,320.0,post,0.4938877405307923,0.0027797564221162,alphabeta_mkywise.csv,Monkey-wise CP trace used for Supplementary Figures 1-3.
FigS3,alpha_beta,Monkey_C,MT,340.0,pre,0.504764563975566,0.0047747762083172,alphabeta_mkywise.csv,Monkey-wise CP trace used for Supplementary Figures 1-3.
FigS3,alpha_beta,Monkey_C,MT,340.0,post,0.4910182151937442,0.001950053420891,alphabeta_mkywise.csv,Monkey-wise CP trace used for Supplementary Figures 1-3.
FigS3,alpha_beta,Monkey_C,MT,360.0,pre,0.501840223775235,0.0009309173821475,alphabeta_mkywise.csv,Monkey-wise CP trace used for Supplementary Figures 1-3.
FigS3,alpha_beta,Monkey_C,MT,360.0,post,0.4920550906808696,0.0016538674121715,alphabeta_mkywise.csv,Monkey-wise CP trace used for Supplementary Figures 1-3.
FigS3,alpha_beta,Monkey_C,MT,380.0,pre,0.496844160817809,0.0017314728783824,alphabeta_mkywise.csv,Monkey-wise CP trace used for Supplementary Figures 1-3.
FigS3,alpha_beta,Monkey_C,MT,380.0,post,0.4947997931097599,0.0006557459484118,alphabeta_mkywise.csv,Monkey-wise CP trace used for Supplementary Figures 1-3.
FigS3,alpha_beta,Monkey_C,MT,400.0,pre,0.496752329162523,0.0001891527195753,alphabeta_mkywise.csv,Monkey-wise CP trace used for Supplementary Figures 1-3.
FigS3,alpha_beta,Monkey_C,MT,400.0,post,0.4950908908815879,0.0041073717222901,alphabeta_mkywise.csv,Monkey-wise CP trace used for Supplementary Figures 1-3.
FigS3,alpha_beta,Monkey_Y,MT,0.0,pre,0.5219220074914994,0.0263953480325939,alphabeta_mkywise.csv,Monkey-wise CP trace used for Supplementary Figures 1-3.
FigS3,alpha_beta,Monkey_Y,MT,0.0,post,0.5000068026546917,0.0017049811459187,alphabeta_mkywise.csv,Monkey-wise CP trace used for Supplementary Figures 1-3.
FigS3,alpha_beta,Monkey_Y,MT,20.0,pre,0.5215707430213204,0.025483106700045,alphabeta_mkywise.csv,Monkey-wise CP trace used for Supplementary Figures 1-3.
FigS3,alpha_beta,Monkey_Y,MT,20.0,post,0.4882725888710596,0.0098070329404786,alphabeta_mkywise.csv,Monkey-wise CP trace used for Supplementary Figures 1-3.
FigS3,alpha_beta,Monkey_Y,MT,40.0,pre,0.5251668855519542,0.0252625589021572,alphabeta_mkywise.csv,Monkey-wise CP trace used for Supplementary Figures 1-3.
FigS3,alpha_beta,Monkey_Y,MT,40.0,post,0.4819864012733705,0.0148189283036155,alphabeta_mkywise.csv,Monkey-wise CP trace used for Supplementary Figures 1-3.
FigS3,alpha_beta,Monkey_Y,MT,60.0,pre,0.5296779630425775,0.0246217571676024,alphabeta_mkywise.csv,Monkey-wise CP trace used for Supplementary Figures 1-3.
FigS3,alpha_beta,Monkey_Y,MT,60.0,post,0.4830337428600296,0.0139632631886227,alphabeta_mkywise.csv,Monkey-wise CP trace used for Supplementary Figures 1-3.
FigS3,alpha_beta,Monkey_Y,MT,80.0,pre,0.5276162085389836,0.0227233621347146,alphabeta_mkywise.csv,Monkey-wise CP trace used for Supplementary Figures 1-3.
FigS3,alpha_beta,Monkey_Y,MT,80.0,post,0.4822852510699922,0.0128583050088777,alphabeta_mkywise.csv,Monkey-wise CP trace used for Supplementary Figures 1-3.
FigS3,alpha_beta,Monkey_Y,MT,100.0,pre,0.5232281892981316,0.0191439993187821,alphabeta_mkywise.csv,Monkey-wise CP trace used for Supplementary Figures 1-3.
FigS3,alpha_beta,Monkey_Y,MT,100.0,post,0.4836483347512683,0.0132674468288791,alphabeta_mkywise.csv,Monkey-wise CP trace used for Supplementary Figures 1-3.
FigS3,alpha_beta,Monkey_Y,MT,120.0,pre,0.5277799741756044,0.0215931876173868,alphabeta_mkywise.csv,Monkey-wise CP trace used for Supplementary Figures 1-3.
FigS3,alpha_beta,Monkey_Y,MT,120.0,post,0.4869557995265825,0.0131873920528346,alphabeta_mkywise.csv,Monkey-wise CP trace used for Supplementary Figures 1-3.
FigS3,alpha_beta,Monkey_Y,MT,140.0,pre,0.529395611676381,0.0229234063302639,alphabeta_mkywise.csv,Monkey-wise CP trace used for Supplementary Figures 1-3.
FigS3,alpha_beta,Monkey_Y,MT,140.0,post,0.4897646680992186,0.0115547171155006,alphabeta_mkywise.csv,Monkey-wise CP trace used for Supplementary Figures 1-3.
FigS3,alpha_beta,Monkey_Y,MT,160.0,pre,0.5240553055851714,0.017899567206572,alphabeta_mkywise.csv,Monkey-wise CP trace used for Supplementary Figures 1-3.
FigS3,alpha_beta,Monkey_Y,MT,160.0,post,0.4933024761136706,0.0083222441079064,alphabeta_mkywise.csv,Monkey-wise CP trace used for Supplementary Figures 1-3.
FigS3,alpha_beta,Monkey_Y,MT,180.0,pre,0.5152999172129263,0.0133922911031824,alphabeta_mkywise.csv,Monkey-wise CP trace used for Supplementary Figures 1-3.
FigS3,alpha_beta,Monkey_Y,MT,180.0,post,0.4975725024675568,0.0064139450936568,alphabeta_mkywise.csv,Monkey-wise CP trace used for Supplementary Figures 1-3.
FigS3,alpha_beta,Monkey_Y,MT,200.0,pre,0.5134876417243869,0.0131802022145343,alphabeta_mkywise.csv,Monkey-wise CP trace used for Supplementary Figures 1-3.
FigS3,alpha_beta,Monkey_Y,MT,200.0,post,0.5039369805467833,0.0050746569712966,alphabeta_mkywise.csv,Monkey-wise CP trace used for Supplementary Figures 1-3.
FigS3,alpha_beta,Monkey_Y,MT,220.0,pre,0.512765435418189,0.0156345413641324,alphabeta_mkywise.csv,Monkey-wise CP trace used for Supplementary Figures 1-3.
FigS3,alpha_beta,Monkey_Y,MT,220.0,post,0.504905996054007,0.0096206699203798,alphabeta_mkywise.csv,Monkey-wise CP trace used for Supplementary Figures 1-3.
FigS3,alpha_beta,Monkey_Y,MT,240.0,pre,0.5080280553641868,0.0122837344742887,alphabeta_mkywise.csv,Monkey-wise CP trace used for Supplementary Figures 1-3.
FigS3,alpha_beta,Monkey_Y,MT,240.0,post,0.5011449146563856,0.01083164767824,alphabeta_mkywise.csv,Monkey-wise CP trace used for Supplementary Figures 1-3.
FigS3,alpha_beta,Monkey_Y,MT,260.0,pre,0.5058987392637796,0.0086598892486058,alphabeta_mkywise.csv,Monkey-wise CP trace used for Supplementary Figures 1-3.
FigS3,alpha_beta,Monkey_Y,MT,260.0,post,0.4968093697954263,0.0146485079539218,alphabeta_mkywise.csv,Monkey-wise CP trace used for Supplementary Figures 1-3.
FigS3,alpha_beta,Monkey_Y,MT,280.0,pre,0.5105413148510183,0.0108363572611631,alphabeta_mkywise.csv,Monkey-wise CP trace used for Supplementary Figures 1-3.
FigS3,alpha_beta,Monkey_Y,MT,280.0,post,0.4934627130120185,0.0185542478663506,alphabeta_mkywise.csv,Monkey-wise CP trace used for Supplementary Figures 1-3.
FigS3,alpha_beta,Monkey_Y,MT,300.0,pre,0.5174935711061853,0.0156411751840092,alphabeta_mkywise.csv,Monkey-wise CP trace used for Supplementary Figures 1-3.
FigS3,alpha_beta,Monkey_Y,MT,300.0,post,0.4965673521484417,0.0197828009376907,alphabeta_mkywise.csv,Monkey-wise CP trace used for Supplementary Figures 1-3.
FigS3,alpha_beta,Monkey_Y,MT,320.0,pre,0.5211417873207492,0.018225155733305,alphabeta_mkywise.csv,Monkey-wise CP trace used for Supplementary Figures 1-3.
FigS3,alpha_beta,Monkey_Y,MT,320.0,post,0.4951439372281158,0.018588105082459,alphabeta_mkywise.csv,Monkey-wise CP trace used for Supplementary Figures 1-3.
FigS3,alpha_beta,Monkey_Y,MT,340.0,pre,0.5255089115170533,0.0202581127020113,alphabeta_mkywise.csv,Monkey-wise CP trace used for Supplementary Figures 1-3.
FigS3,alpha_beta,Monkey_Y,MT,340.0,post,0.4973660650927623,0.0171088032908703,alphabeta_mkywise.csv,Monkey-wise CP trace used for Supplementary Figures 1-3.
FigS3,alpha_beta,Monkey_Y,MT,360.0,pre,0.5318163728540208,0.0257293003096346,alphabeta_mkywise.csv,Monkey-wise CP trace used for Supplementary Figures 1-3.
FigS3,alpha_beta,Monkey_Y,MT,360.0,post,0.5013319193506127,0.00990666476546,alphabeta_mkywise.csv,Monkey-wise CP trace used for Supplementary Figures 1-3.
FigS3,alpha_beta,Monkey_Y,MT,380.0,pre,0.53706201032137,0.0338617140279201,alphabeta_mkywise.csv,Monkey-wise CP trace used for Supplementary Figures 1-3.
FigS3,alpha_beta,Monkey_Y,MT,380.0,post,0.4986115145708788,0.0070433085096264,alphabeta_mkywise.csv,Monkey-wise CP trace used for Supplementary Figures 1-3.
FigS3,alpha_beta,Monkey_Y,MT,400.0,pre,0.5397955311355611,0.0417109396122173,alphabeta_mkywise.csv,Monkey-wise CP trace used for Supplementary Figures 1-3.
FigS3,alpha_beta,Monkey_Y,MT,400.0,post,0.4929834874939061,0.0088144017874233,alphabeta_mkywise.csv,Monkey-wise CP trace used for Supplementary Figures 1-3.
